display,name_kr,name_en,ticker,type,enabled,aliases
GRT,GRT,,900290.KQ,company,1,
맵스리얼티1,맵스리얼티1,,094800.KS,company,1,
로스웰,로스웰,,900260.KQ,company,1,
맥쿼리인프라,맥쿼리인프라,,088980.KS,company,1,
크리스탈신소재,크리스탈신소재,,900250.KQ,company,1,
우진,우진,,105840.KS,company,1,
인화정공,인화정공,,101930.KQ,company,1,
대원산업,대원산업,,005710.KQ,company,1,
대동,대동,,000490.KS,company,1,
삼화콘덴서공업,삼화콘덴서공업,,001820.KS,company,1,
유니온,유니온,,000910.KS,company,1,
우진플라임,우진플라임,,049800.KS,company,1,
KNN,KNN,,058400.KQ,company,1,
삼보판지,삼보판지,,023600.KQ,company,1,
서연이화,서연이화,,200880.KS,company,1,
대한방직,대한방직,,001070.KS,company,1,
갤럭시아에스엠,갤럭시아에스엠,,011420.KS,company,1,
러셀,러셀,,217500.KQ,company,1,
컬러레이,컬러레이,,900310.KQ,company,1,
특수건설,특수건설,,026150.KQ,company,1,
오가닉티코스메틱,오가닉티코스메틱,,900300.KQ,company,1,
유수홀딩스,유수홀딩스,,000700.KS,company,1,
세동,세동,,053060.KQ,company,1,
성광벤드,성광벤드,,014620.KQ,company,1,
이스트아시아홀딩스,이스트아시아홀딩스,,900110.KQ,company,1,
대원전선,대원전선,,006340.KS,company,1,
다원시스,다원시스,,068240.KQ,company,1,
태림포장,태림포장,,011280.KS,company,1,
지니언스,지니언스,,263860.KQ,company,1,
보성파워텍,보성파워텍,,006910.KQ,company,1,
극동유화,극동유화,,014530.KS,company,1,
세코닉스,세코닉스,,053450.KQ,company,1,
티로보틱스,티로보틱스,,117730.KQ,company,1,
일진홀딩스,일진홀딩스,,015860.KS,company,1,
하나기술,하나기술,,299030.KQ,company,1,
제일파마홀딩스,제일파마홀딩스,,002620.KS,company,1,
조광피혁,조광피혁,,004700.KS,company,1,
디알젬,디알젬,,263690.KQ,company,1,
팅크웨어,팅크웨어,,084730.KQ,company,1,
레이크머티리얼즈,레이크머티리얼즈,,281740.KQ,company,1,
인텔리안테크,인텔리안테크,,189300.KQ,company,1,
라파스,라파스,,214260.KQ,company,1,
아이디피,아이디피,,332370.KQ,company,1,
진매트릭스,진매트릭스,,109820.KQ,company,1,
엠로,엠로,,058970.KQ,company,1,
액트로,액트로,,290740.KQ,company,1,
테스,테스,,095610.KQ,company,1,
모바일어플라이언스,모바일어플라이언스,,087260.KQ,company,1,
미래컴퍼니,미래컴퍼니,,049950.KQ,company,1,
오토앤,오토앤,,353590.KQ,company,1,
동일금속,동일금속,,109860.KQ,company,1,
아바코,아바코,,083930.KQ,company,1,
큐에스아이,큐에스아이,,066310.KQ,company,1,
프리시젼바이오,프리시젼바이오,,335810.KQ,company,1,
영림원소프트랩,영림원소프트랩,,060850.KQ,company,1,
원준,원준,,382840.KQ,company,1,
파크시스템스,파크시스템스,,140860.KQ,company,1,
미원에스씨,미원에스씨,,268280.KS,company,1,
코스메카코리아,코스메카코리아,,241710.KQ,company,1,
아바텍,아바텍,,149950.KQ,company,1,
에이비온,에이비온,,203400.KQ,company,1,
오비고,오비고,,352910.KQ,company,1,
한일화학,한일화학,,007770.KQ,company,1,
디에스케이,디에스케이,,109740.KQ,company,1,
화승코퍼레이션,화승코퍼레이션,,013520.KS,company,1,
로보티즈,로보티즈,,108490.KQ,company,1,
TPC,TPC,,048770.KQ,company,1,
우리기술,우리기술,,032820.KQ,company,1,
뷰웍스,뷰웍스,,100120.KQ,company,1,
아이티아이즈,아이티아이즈,,372800.KQ,company,1,
원림,원림,,005820.KS,company,1,
캐리소프트,캐리소프트,,317530.KQ,company,1,
에이리츠,에이리츠,,140910.KS,company,1,
프로이천,프로이천,,321260.KQ,company,1,
율촌화학,율촌화학,,008730.KS,company,1,
티에이치엔,티에이치엔,,019180.KS,company,1,
삼륭물산,삼륭물산,,014970.KQ,company,1,
카페24,카페24,,042000.KQ,company,1,
코리아에셋투자증권,코리아에셋투자증권,,190650.KQ,company,1,
웰크론,웰크론,,065950.KQ,company,1,
셀리드,셀리드,,299660.KQ,company,1,
알비더블유,알비더블유,,361570.KQ,company,1,
퀀타매트릭스,퀀타매트릭스,,317690.KQ,company,1,
엔지켐생명과학,엔지켐생명과학,,183490.KQ,company,1,
이지스밸류플러스리츠,이지스밸류플러스리츠,,334890.KS,company,1,
동원금속,동원금속,,018500.KS,company,1,
아스플로,아스플로,,159010.KQ,company,1,
쿠쿠홀딩스,쿠쿠홀딩스,,192400.KS,company,1,
풍원정밀,풍원정밀,,371950.KQ,company,1,
안트로젠,안트로젠,,065660.KQ,company,1,
한국전자홀딩스,한국전자홀딩스,,006200.KS,company,1,
효성오앤비,효성오앤비,,097870.KQ,company,1,
전진바이오팜,전진바이오팜,,110020.KQ,company,1,
금비,금비,,008870.KS,company,1,
원텍,원텍,,336570.KQ,company,1,
SNT에너지,SNT에너지,,100840.KS,company,1,
인터엠,인터엠,,017250.KQ,company,1,
나인테크,나인테크,,267320.KQ,company,1,
이삭엔지니어링,이삭엔지니어링,,351330.KQ,company,1,
이엔에프테크놀로지,이엔에프테크놀로지,,102710.KQ,company,1,
바디텍메드,바디텍메드,,206640.KQ,company,1,
하이즈항공,하이즈항공,,221840.KQ,company,1,
SV인베스트먼트,SV인베스트먼트,,289080.KQ,company,1,
화승알앤에이,화승알앤에이,,378850.KS,company,1,
고바이오랩,고바이오랩,,348150.KQ,company,1,
엔바이오니아,엔바이오니아,,317870.KQ,company,1,
제이알글로벌리츠,제이알글로벌리츠,,348950.KS,company,1,
HB솔루션,HB솔루션,,297890.KQ,company,1,
대영포장,대영포장,,014160.KS,company,1,
황금에스티,황금에스티,,032560.KS,company,1,
앱클론,앱클론,,174900.KQ,company,1,
남화산업,남화산업,,111710.KQ,company,1,
세원정공,세원정공,,021820.KS,company,1,
비씨엔씨,비씨엔씨,,146320.KQ,company,1,
양지사,양지사,,030960.KQ,company,1,
케이씨티시,케이씨티시,,009070.KS,company,1,
만호제강,만호제강,,001080.KS,company,1,
바이오에프디엔씨,바이오에프디엔씨,,251120.KQ,company,1,
압타머사이언스,압타머사이언스,,291650.KQ,company,1,
쿠쿠홈시스,쿠쿠홈시스,,284740.KS,company,1,
에이스토리,에이스토리,,241840.KQ,company,1,
서남,서남,,294630.KQ,company,1,
레이,레이,,228670.KQ,company,1,
LS네트웍스,LS네트웍스,,000680.KS,company,1,
방림,방림,,003610.KS,company,1,
자이언트스텝,자이언트스텝,,289220.KQ,company,1,
진로발효,진로발효,,018120.KQ,company,1,
덱스터,덱스터,,206560.KQ,company,1,
국전약품,국전약품,,307750.KQ,company,1,
신대양제지,신대양제지,,016590.KS,company,1,
데이타솔루션,데이타솔루션,,263800.KQ,company,1,
에스앤에스텍,에스앤에스텍,,101490.KQ,company,1,
삼영전자공업,삼영전자공업,,005680.KS,company,1,
전방,전방,,000950.KS,company,1,
금강철강,금강철강,,053260.KQ,company,1,
이구산업,이구산업,,025820.KS,company,1,
태경케미컬,태경케미컬,,006890.KS,company,1,
오디텍,오디텍,,080520.KQ,company,1,
경방,경방,,000050.KS,company,1,
로체시스템즈,로체시스템즈,,071280.KQ,company,1,
한국화장품,한국화장품,,123690.KS,company,1,
한국컴퓨터,한국컴퓨터,,054040.KQ,company,1,
클래시스,클래시스,,214150.KQ,company,1,
린드먼아시아,린드먼아시아,,277070.KQ,company,1,
유성기업,유성기업,,002920.KS,company,1,
큐브엔터,큐브엔터,,182360.KQ,company,1,
오이솔루션,오이솔루션,,138080.KQ,company,1,
NEW,NEW,,160550.KQ,company,1,
보락,보락,,002760.KS,company,1,
디모아,디모아,,016670.KQ,company,1,
레이언스,레이언스,,228850.KQ,company,1,
광주신세계,광주신세계,,037710.KS,company,1,
혜인,혜인,,003010.KS,company,1,
제일테크노스,제일테크노스,,038010.KQ,company,1,
하이텍팜,하이텍팜,,106190.KQ,company,1,
한전KPS,한전KPS,,051600.KS,company,1,
상보,상보,,027580.KQ,company,1,
JYP Ent.,JYP Ent.,,035900.KQ,company,1,
KG케미칼,KG케미칼,,001390.KS,company,1,
인포바인,인포바인,,115310.KQ,company,1,
코리아써키트,코리아써키트,,007810.KS,company,1,
한일홀딩스,한일홀딩스,,003300.KS,company,1,
부산산업,부산산업,,011390.KS,company,1,
서진오토모티브,서진오토모티브,,122690.KQ,company,1,
이화산업,이화산업,,000760.KS,company,1,
유비쿼스홀딩스,유비쿼스홀딩스,,078070.KQ,company,1,
옵티시스,옵티시스,,109080.KQ,company,1,
위지트,위지트,,036090.KQ,company,1,
슈프리마,슈프리마,,236200.KQ,company,1,
제이에스코퍼레이션,제이에스코퍼레이션,,194370.KS,company,1,
지어소프트,지어소프트,,051160.KQ,company,1,
네오위즈홀딩스,네오위즈홀딩스,,042420.KQ,company,1,
SNT모티브,SNT모티브,,064960.KS,company,1,
조광페인트,조광페인트,,004910.KS,company,1,
네오셈,네오셈,,253590.KQ,company,1,
엘오티베큠,엘오티베큠,,083310.KQ,company,1,
미래에셋맵스리츠,미래에셋맵스리츠,,357250.KS,company,1,
신원,신원,,009270.KS,company,1,
풍강,풍강,,093380.KQ,company,1,
디케이락,디케이락,,105740.KQ,company,1,
고려신용정보,고려신용정보,,049720.KQ,company,1,
SHD,SHD,,001770.KS,company,1,
SH에너지화학,SH에너지화학,,002360.KS,company,1,
대양전기공업,대양전기공업,,108380.KQ,company,1,
플랜티넷,플랜티넷,,075130.KQ,company,1,
이노메트리,이노메트리,,302430.KQ,company,1,
에스피지,에스피지,,058610.KQ,company,1,
파버나인,파버나인,,177830.KQ,company,1,
아비코전자,아비코전자,,036010.KQ,company,1,
하림,하림,,136480.KQ,company,1,
코리아에프티,코리아에프티,,123410.KQ,company,1,
현대에버다임,현대에버다임,,041440.KQ,company,1,
디아이동일,디아이동일,,001530.KS,company,1,
바이오플러스,바이오플러스,,099430.KQ,company,1,
에프엔에스테크,에프엔에스테크,,083500.KQ,company,1,
모나미,모나미,,005360.KS,company,1,
일신방직,일신방직,,003200.KS,company,1,
대한과학,대한과학,,131220.KQ,company,1,
KB오토시스,KB오토시스,,024120.KQ,company,1,
그리티,그리티,,204020.KQ,company,1,
샘표,샘표,,007540.KS,company,1,
아세아제지,아세아제지,,002310.KS,company,1,
핑거스토리,핑거스토리,,417180.KQ,company,1,
동일산업,동일산업,,004890.KS,company,1,
YBM넷,YBM넷,,057030.KQ,company,1,
인터플렉스,인터플렉스,,051370.KQ,company,1,
천일고속,천일고속,,000650.KS,company,1,
예스티,예스티,,122640.KQ,company,1,
스튜디오산타클로스,스튜디오산타클로스,,204630.KQ,company,1,
크라운해태홀딩스,크라운해태홀딩스,,005740.KS,company,1,
에스에이엠티,에스에이엠티,,031330.KQ,company,1,
인지소프트,인지소프트,,100030.KQ,company,1,
뉴프렉스,뉴프렉스,,085670.KQ,company,1,
에프에스티,에프에스티,,036810.KQ,company,1,
서한,서한,,011370.KQ,company,1,
웹스,웹스,,196700.KQ,company,1,
아이티엠반도체,아이티엠반도체,,084850.KQ,company,1,
세화피앤씨,세화피앤씨,,252500.KQ,company,1,
서부T&D,서부T&D,,006730.KQ,company,1,
일지테크,일지테크,,019540.KQ,company,1,
프로텍,프로텍,,053610.KQ,company,1,
에프엔씨엔터,에프엔씨엔터,,173940.KQ,company,1,
비아트론,비아트론,,141000.KQ,company,1,
진에어,진에어,,272450.KS,company,1,
한솔홈데코,한솔홈데코,,025750.KS,company,1,
로보로보,로보로보,,215100.KQ,company,1,
필옵틱스,필옵틱스,,161580.KQ,company,1,
대정화금,대정화금,,120240.KQ,company,1,
슈프리마에이치큐,슈프리마에이치큐,,094840.KQ,company,1,
E1,E1,,017940.KS,company,1,
메리츠금융지주,메리츠금융지주,,138040.KS,company,1,
SK텔레콤,SK텔레콤,,017670.KS,company,1,
LX홀딩스,LX홀딩스,,383800.KS,company,1,
STX,STX,,011810.KS,company,1,
한국큐빅,한국큐빅,,021650.KQ,company,1,
한국카본,한국카본,,017960.KS,company,1,
신흥에스이씨,신흥에스이씨,,243840.KQ,company,1,
LS,LS,,006260.KS,company,1,
KH바텍,KH바텍,,060720.KQ,company,1,
천보,천보,,278280.KQ,company,1,
경남스틸,경남스틸,,039240.KQ,company,1,
한국화장품제조,한국화장품제조,,003350.KS,company,1,
미래에셋벤처투자,미래에셋벤처투자,,100790.KQ,company,1,
우원개발,우원개발,,046940.KQ,company,1,
대상홀딩스,대상홀딩스,,084690.KS,company,1,
이글벳,이글벳,,044960.KQ,company,1,
케이피티유,케이피티유,,054410.KQ,company,1,
아이윈,아이윈,,090150.KQ,company,1,
코람코더원리츠,코람코더원리츠,,417310.KS,company,1,
씨유테크,씨유테크,,376290.KQ,company,1,
큐라클,큐라클,,365270.KQ,company,1,
예선테크,예선테크,,250930.KQ,company,1,
원티드랩,원티드랩,,376980.KQ,company,1,
제이엠티,제이엠티,,094970.KQ,company,1,
큐캐피탈,큐캐피탈,,016600.KQ,company,1,
웹젠,웹젠,,069080.KQ,company,1,
시노펙스,시노펙스,,025320.KQ,company,1,
비스토스,비스토스,,419540.KQ,company,1,
티쓰리,티쓰리,,204610.KQ,company,1,
성도이엔지,성도이엔지,,037350.KQ,company,1,
에스티아이,에스티아이,,039440.KQ,company,1,
카카오페이,카카오페이,,377300.KS,company,1,
하이트진로,하이트진로,,000080.KS,company,1,
자비스,자비스,,254120.KQ,company,1,
케이엠제약,케이엠제약,,225430.KQ,company,1,
대구백화점,대구백화점,,006370.KS,company,1,
알에스오토메이션,알에스오토메이션,,140670.KQ,company,1,
현대에이치티,현대에이치티,,039010.KQ,company,1,
퍼스텍,퍼스텍,,010820.KS,company,1,
오픈베이스,오픈베이스,,049480.KQ,company,1,
송원산업,송원산업,,004430.KS,company,1,
멕아이씨에스,멕아이씨에스,,058110.KQ,company,1,
카카오뱅크,카카오뱅크,,323410.KS,company,1,
케이씨에스,케이씨에스,,115500.KQ,company,1,
삼화페인트공업,삼화페인트공업,,000390.KS,company,1,
삼일,삼일,,032280.KQ,company,1,
인포뱅크,인포뱅크,,039290.KQ,company,1,
빅솔론,빅솔론,,093190.KQ,company,1,
조비,조비,,001550.KS,company,1,
핌스,핌스,,347770.KQ,company,1,
부산주공,부산주공,,005030.KS,company,1,
한국단자공업,한국단자공업,,025540.KS,company,1,
파이버프로,파이버프로,,368770.KQ,company,1,
제노코,제노코,,361390.KQ,company,1,
와이엠씨,와이엠씨,,155650.KQ,company,1,
브이씨,브이씨,,365900.KQ,company,1,
피델릭스,피델릭스,,032580.KQ,company,1,
파워넷,파워넷,,037030.KQ,company,1,
두산밥캣,두산밥캣,,241560.KS,company,1,
GH신소재,GH신소재,,130500.KQ,company,1,
SK리츠,SK리츠,,395400.KS,company,1,
디티앤씨알오,디티앤씨알오,,383930.KQ,company,1,
에스텍,에스텍,,069510.KQ,company,1,
동양에스텍,동양에스텍,,060380.KQ,company,1,
아이컴포넌트,아이컴포넌트,,059100.KQ,company,1,
휴맥스홀딩스,휴맥스홀딩스,,028080.KQ,company,1,
쎄니트,쎄니트,,037760.KQ,company,1,
오리온홀딩스,오리온홀딩스,,001800.KS,company,1,
대성하이텍,대성하이텍,,129920.KQ,company,1,
태양금속공업,태양금속공업,,004100.KS,company,1,
성신양회,성신양회,,004980.KS,company,1,
에스제이그룹,에스제이그룹,,306040.KQ,company,1,
ESR켄달스퀘어리츠,ESR켄달스퀘어리츠,,365550.KS,company,1,
케이피에프,케이피에프,,024880.KQ,company,1,
진성티이씨,진성티이씨,,036890.KQ,company,1,
영화테크,영화테크,,265560.KQ,company,1,
헝셩그룹,헝셩그룹,,900270.KQ,company,1,
HB테크놀러지,HB테크놀러지,,078150.KQ,company,1,
우진아이엔에스,우진아이엔에스,,010400.KS,company,1,
한농화성,한농화성,,011500.KS,company,1,
덕성,덕성,,004830.KS,company,1,
상아프론테크,상아프론테크,,089980.KQ,company,1,
가온칩스,가온칩스,,399720.KQ,company,1,
세진중공업,세진중공업,,075580.KS,company,1,
램테크놀러지,램테크놀러지,,171010.KQ,company,1,
서린바이오,서린바이오,,038070.KQ,company,1,
아세아시멘트,아세아시멘트,,183190.KS,company,1,
호텔신라,호텔신라,,008770.KS,company,1,
한국정보통신,한국정보통신,,025770.KQ,company,1,
선익시스템,선익시스템,,171090.KQ,company,1,
한국정밀기계,한국정밀기계,,101680.KQ,company,1,
금화피에스시,금화피에스시,,036190.KQ,company,1,
풍산,풍산,,103140.KS,company,1,
삼성전기,삼성전기,,009150.KS,company,1,
하이트진로홀딩스,하이트진로홀딩스,,000140.KS,company,1,
이노션,이노션,,214320.KS,company,1,
파인엠텍,파인엠텍,,441270.KQ,company,1,
LF,LF,,093050.KS,company,1,
SG세계물산,SG세계물산,,004060.KS,company,1,
유니퀘스트,유니퀘스트,,077500.KS,company,1,
동아화성,동아화성,,041930.KQ,company,1,
유엔젤,유엔젤,,072130.KS,company,1,
경동도시가스,경동도시가스,,267290.KS,company,1,
경인전자,경인전자,,009140.KS,company,1,
에스씨디,에스씨디,,042110.KQ,company,1,
나노엔텍,나노엔텍,,039860.KQ,company,1,
정상제이엘에스,정상제이엘에스,,040420.KQ,company,1,
미스터블루,미스터블루,,207760.KQ,company,1,
이노진,이노진,,344860.KQ,company,1,
갤럭시아머니트리,갤럭시아머니트리,,094480.KQ,company,1,
부스타,부스타,,008470.KQ,company,1,
케이에스피,케이에스피,,073010.KQ,company,1,
피에이치에이,피에이치에이,,043370.KQ,company,1,
경동인베스트,경동인베스트,,012320.KS,company,1,
아가방컴퍼니,아가방컴퍼니,,013990.KQ,company,1,
파워로직스,파워로직스,,047310.KQ,company,1,
성우테크론,성우테크론,,045300.KQ,company,1,
국순당,국순당,,043650.KQ,company,1,
삼일기업공사,삼일기업공사,,002290.KQ,company,1,
태원물산,태원물산,,001420.KS,company,1,
네오티스,네오티스,,085910.KQ,company,1,
SK가스,SK가스,,018670.KS,company,1,
더네이쳐홀딩스,더네이쳐홀딩스,,298540.KQ,company,1,
한국주강,한국주강,,025890.KS,company,1,
와이솔,와이솔,,122990.KQ,company,1,
디아이씨,디아이씨,,092200.KS,company,1,
서원인텍,서원인텍,,093920.KQ,company,1,
효성티앤씨,효성티앤씨,,298020.KS,company,1,
LG헬로비전,LG헬로비전,,037560.KS,company,1,
대덕전자,대덕전자,,353200.KS,company,1,
에이엔피,에이엔피,,015260.KS,company,1,
아세아,아세아,,002030.KS,company,1,
성우전자,성우전자,,081580.KQ,company,1,
한네트,한네트,,052600.KQ,company,1,
대원화성,대원화성,,024890.KS,company,1,
안랩,안랩,,053800.KQ,company,1,
코메론,코메론,,049430.KQ,company,1,
현대로템,현대로템,,064350.KS,company,1,
금강공업,금강공업,,014280.KS,company,1,
대신증권,대신증권,,003540.KS,company,1,
효성화학,효성화학,,298000.KS,company,1,
원익머트리얼즈,원익머트리얼즈,,104830.KQ,company,1,
DB손해보험,DB손해보험,,005830.KS,company,1,
인탑스,인탑스,,049070.KQ,company,1,
벽산,벽산,,007210.KS,company,1,
패션플랫폼,패션플랫폼,,225590.KQ,company,1,
라닉스,라닉스,,317120.KQ,company,1,
아이앤씨,아이앤씨,,052860.KQ,company,1,
메지온,메지온,,140410.KQ,company,1,
한국콜마,한국콜마,,161890.KS,company,1,
원익,원익,,032940.KQ,company,1,
우리로,우리로,,046970.KQ,company,1,
우리산업,우리산업,,215360.KQ,company,1,
롯데관광개발,롯데관광개발,,032350.KS,company,1,
하츠,하츠,,066130.KQ,company,1,
아나패스,아나패스,,123860.KQ,company,1,
삼화전기,삼화전기,,009470.KS,company,1,
현대코퍼레이션,현대코퍼레이션,,011760.KS,company,1,
포메탈,포메탈,,119500.KQ,company,1,
웨이브일렉트로,웨이브일렉트로,,095270.KQ,company,1,
한독크린텍,한독크린텍,,256150.KQ,company,1,
씨엔플러스,씨엔플러스,,115530.KQ,company,1,
더존비즈온,더존비즈온,,012510.KS,company,1,
이엘피,이엘피,,063760.KQ,company,1,
스튜디오미르,스튜디오미르,,408900.KQ,company,1,
이노와이어리스,이노와이어리스,,073490.KQ,company,1,
이엠넷,이엠넷,,123570.KQ,company,1,
현대리바트,현대리바트,,079430.KS,company,1,
링크제니시스,링크제니시스,,219420.KQ,company,1,
오픈엣지테크놀로지,오픈엣지테크놀로지,,394280.KQ,company,1,
한섬,한섬,,020000.KS,company,1,
금호석유화학,금호석유화학,,011780.KS,company,1,
위즈코프,위즈코프,,038620.KQ,company,1,
CS홀딩스,CS홀딩스,,000590.KS,company,1,
유아이엘,유아이엘,,049520.KQ,company,1,
흥구석유,흥구석유,,024060.KQ,company,1,
이랜시스,이랜시스,,264850.KQ,company,1,
대창스틸,대창스틸,,140520.KQ,company,1,
부국철강,부국철강,,026940.KS,company,1,
에스디시스템,에스디시스템,,121890.KQ,company,1,
그린케미칼,그린케미칼,,083420.KS,company,1,
알에프텍,알에프텍,,061040.KQ,company,1,
미코,미코,,059090.KQ,company,1,
한국가스공사,한국가스공사,,036460.KS,company,1,
더블유씨피,더블유씨피,,393890.KQ,company,1,
디와이씨,디와이씨,,310870.KQ,company,1,
유티아이,유티아이,,179900.KQ,company,1,
비츠로셀,비츠로셀,,082920.KQ,company,1,
파인디앤씨,파인디앤씨,,049120.KQ,company,1,
삼목에스폼,삼목에스폼,,018310.KQ,company,1,
서흥,서흥,,008490.KS,company,1,
팬오션,팬오션,,028670.KS,company,1,
메가스터디,메가스터디,,072870.KQ,company,1,
비비안,비비안,,002070.KS,company,1,
유진로봇,유진로봇,,056080.KQ,company,1,
이화공영,이화공영,,001840.KQ,company,1,
에이치시티,에이치시티,,072990.KQ,company,1,
솔본,솔본,,035610.KQ,company,1,
DSR,DSR,,155660.KS,company,1,
미래나노텍,미래나노텍,,095500.KQ,company,1,
네온테크,네온테크,,306620.KQ,company,1,
디와이파워,디와이파워,,210540.KS,company,1,
휴림로봇,휴림로봇,,090710.KQ,company,1,
디지털대성,디지털대성,,068930.KQ,company,1,
원익큐브,원익큐브,,014190.KQ,company,1,
DB,DB,,012030.KS,company,1,
퍼시스,퍼시스,,016800.KS,company,1,
옴니시스템,옴니시스템,,057540.KQ,company,1,
아이텍,아이텍,,119830.KQ,company,1,
액토즈소프트,액토즈소프트,,052790.KQ,company,1,
레인보우로보틱스,레인보우로보틱스,,277810.KQ,company,1,
펌텍코리아,펌텍코리아,,251970.KQ,company,1,
바이오노트,바이오노트,,377740.KS,company,1,
신송홀딩스,신송홀딩스,,006880.KS,company,1,
풍국주정,풍국주정,,023900.KQ,company,1,
덕산테코피아,덕산테코피아,,317330.KQ,company,1,
성창기업지주,성창기업지주,,000180.KS,company,1,
유니온머티리얼,유니온머티리얼,,047400.KS,company,1,
유진증권,유진증권,,001200.KS,company,1,
실리콘투,실리콘투,,257720.KQ,company,1,
인터지스,인터지스,,129260.KS,company,1,
제룡전기,제룡전기,,033100.KQ,company,1,
지역난방공사,지역난방공사,,071320.KS,company,1,
삼천리,삼천리,,004690.KS,company,1,
대창단조,대창단조,,015230.KS,company,1,
선광,선광,,003100.KQ,company,1,
큐리언트,큐리언트,,115180.KQ,company,1,
브리지텍,브리지텍,,064480.KQ,company,1,
나노신소재,나노신소재,,121600.KQ,company,1,
씨엔알리서치,씨엔알리서치,,359090.KQ,company,1,
한국내화,한국내화,,010040.KS,company,1,
네오위즈,네오위즈,,095660.KQ,company,1,
디젠스,디젠스,,113810.KQ,company,1,
코위버,코위버,,056360.KQ,company,1,
PN풍년,PN풍년,,024940.KQ,company,1,
얼라인드,얼라인드,,238120.KQ,company,1,
삼화전자공업,삼화전자공업,,011230.KS,company,1,
오리엔탈정공,오리엔탈정공,,014940.KQ,company,1,
아진엑스텍,아진엑스텍,,059120.KQ,company,1,
승일,승일,,049830.KQ,company,1,
피에스케이,피에스케이,,319660.KQ,company,1,
SNT홀딩스,SNT홀딩스,,036530.KS,company,1,
대한유화,대한유화,,006650.KS,company,1,
티이엠씨,티이엠씨,,425040.KQ,company,1,
칩스앤미디어,칩스앤미디어,,094360.KQ,company,1,
이글루,이글루,,067920.KQ,company,1,
아이디스,아이디스,,143160.KQ,company,1,
금호전기,금호전기,,001210.KS,company,1,
윌비스,윌비스,,008600.KS,company,1,
인터로조,인터로조,,119610.KQ,company,1,
진바이오텍,진바이오텍,,086060.KQ,company,1,
무학,무학,,033920.KS,company,1,
아이디스홀딩스,아이디스홀딩스,,054800.KQ,company,1,
유한양행,유한양행,,000100.KS,company,1,
NE능률,NE능률,,053290.KQ,company,1,
아즈텍WB,아즈텍WB,,032080.KQ,company,1,
신화콘텍,신화콘텍,,187270.KQ,company,1,
성문전자,성문전자,,014910.KS,company,1,
엠게임,엠게임,,058630.KQ,company,1,
알테오젠,알테오젠,,196170.KQ,company,1,
엘티씨,엘티씨,,170920.KQ,company,1,
코텍,코텍,,052330.KQ,company,1,
한미글로벌,한미글로벌,,053690.KS,company,1,
크린앤사이언스,크린앤사이언스,,045520.KQ,company,1,
우신시스템,우신시스템,,017370.KS,company,1,
코맥스,코맥스,,036690.KQ,company,1,
아난티,아난티,,025980.KQ,company,1,
노랑풍선,노랑풍선,,104620.KQ,company,1,
에스티오,에스티오,,098660.KQ,company,1,
JB금융지주,JB금융지주,,175330.KS,company,1,
하이딥,하이딥,,365590.KQ,company,1,
에스앤더블류,에스앤더블류,,103230.KQ,company,1,
에스티큐브,에스티큐브,,052020.KQ,company,1,
디아이,디아이,,003160.KS,company,1,
에이치케이,에이치케이,,044780.KQ,company,1,
코이즈,코이즈,,121850.KQ,company,1,
동방아그로,동방아그로,,007590.KS,company,1,
세보엠이씨,세보엠이씨,,011560.KQ,company,1,
한국자산신탁,한국자산신탁,,123890.KS,company,1,
GS,GS,,078930.KS,company,1,
교보증권,교보증권,,030610.KS,company,1,
현대바이오랜드,현대바이오랜드,,052260.KQ,company,1,
파인디지털,파인디지털,,038950.KQ,company,1,
유니트론텍,유니트론텍,,142210.KQ,company,1,
디지아이,디지아이,,043360.KQ,company,1,
태양,태양,,053620.KQ,company,1,
대주전자재료,대주전자재료,,078600.KQ,company,1,
대원미디어,대원미디어,,048910.KQ,company,1,
제일연마,제일연마,,001560.KS,company,1,
재영솔루텍,재영솔루텍,,049630.KQ,company,1,
아이씨디,아이씨디,,040910.KQ,company,1,
SG,SG,,255220.KQ,company,1,
원바이오젠,원바이오젠,,307280.KQ,company,1,
NH프라임리츠,NH프라임리츠,,338100.KS,company,1,
디씨엠,디씨엠,,024090.KS,company,1,
대륙제관,대륙제관,,004780.KQ,company,1,
한세예스24홀딩스,한세예스24홀딩스,,016450.KS,company,1,
유에스티,유에스티,,263770.KQ,company,1,
바이오톡스텍,바이오톡스텍,,086040.KQ,company,1,
중앙에너비스,중앙에너비스,,000440.KQ,company,1,
감성코퍼레이션,감성코퍼레이션,,036620.KQ,company,1,
화신,화신,,010690.KS,company,1,
제이스텍,제이스텍,,090470.KQ,company,1,
하이스틸,하이스틸,,071090.KS,company,1,
드림씨아이에스,드림씨아이에스,,223250.KQ,company,1,
덴티스,덴티스,,261200.KQ,company,1,
이오테크닉스,이오테크닉스,,039030.KQ,company,1,
제주항공,제주항공,,089590.KS,company,1,
바이오다인,바이오다인,,314930.KQ,company,1,
세진티에스,세진티에스,,067770.KQ,company,1,
LG,LG,,003550.KS,company,1,
한국금융지주,한국금융지주,,071050.KS,company,1,
우리기술투자,우리기술투자,,041190.KQ,company,1,
대한항공,대한항공,,003490.KS,company,1,
동남합성,동남합성,,023450.KS,company,1,
석경에이티,석경에이티,,357550.KQ,company,1,
한일단조,한일단조,,024740.KQ,company,1,
파루,파루,,043200.KQ,company,1,
리노공업,리노공업,,058470.KQ,company,1,
삼보모터스,삼보모터스,,053700.KQ,company,1,
비나텍,비나텍,,126340.KQ,company,1,
코웨이,코웨이,,021240.KS,company,1,
하나투어,하나투어,,039130.KS,company,1,
엑사이엔씨,엑사이엔씨,,054940.KQ,company,1,
코스모신소재,코스모신소재,,005070.KS,company,1,
한글과컴퓨터,한글과컴퓨터,,030520.KQ,company,1,
쎌바이오텍,쎌바이오텍,,049960.KQ,company,1,
와이지-원,와이지-원,,019210.KQ,company,1,
파세코,파세코,,037070.KQ,company,1,
기산텔레콤,기산텔레콤,,035460.KQ,company,1,
LG화학,LG화학,,051910.KS,company,1,
서울옥션,서울옥션,,063170.KQ,company,1,
미래에셋글로벌리츠,미래에셋글로벌리츠,,396690.KS,company,1,
디알텍,디알텍,,214680.KQ,company,1,
우리산업홀딩스,우리산업홀딩스,,072470.KQ,company,1,
엘컴텍,엘컴텍,,037950.KQ,company,1,
바이오스마트,바이오스마트,,038460.KQ,company,1,
상상인,상상인,,038540.KQ,company,1,
에쎈테크,에쎈테크,,043340.KQ,company,1,
에이티넘인베스트,에이티넘인베스트,,021080.KQ,company,1,
기아,기아,,000270.KS,company,1,
코오롱글로벌,코오롱글로벌,,003070.KS,company,1,
SIMPAC,SIMPAC,,009160.KS,company,1,
일진파워,일진파워,,094820.KQ,company,1,
레드캡투어,레드캡투어,,038390.KQ,company,1,
현대엘리베이터,현대엘리베이터,,017800.KS,company,1,
텔레칩스,텔레칩스,,054450.KQ,company,1,
디지틀조선,디지틀조선,,033130.KQ,company,1,
헥토이노베이션,헥토이노베이션,,214180.KQ,company,1,
YG PLUS,YG PLUS,,037270.KS,company,1,
티에프이,티에프이,,425420.KQ,company,1,
신도기연,신도기연,,290520.KQ,company,1,
하림지주,하림지주,,003380.KQ,company,1,
삼지전자,삼지전자,,037460.KQ,company,1,
에스에이티,에스에이티,,060540.KQ,company,1,
두산에너빌리티,두산에너빌리티,,034020.KS,company,1,
코미코,코미코,,183300.KQ,company,1,
동운아나텍,동운아나텍,,094170.KQ,company,1,
에넥스,에넥스,,011090.KS,company,1,
푸른기술,푸른기술,,094940.KQ,company,1,
한솔케미칼,한솔케미칼,,014680.KS,company,1,
삼현철강,삼현철강,,017480.KQ,company,1,
아이쓰리시스템,아이쓰리시스템,,214430.KQ,company,1,
에이스침대,에이스침대,,003800.KQ,company,1,
현우산업,현우산업,,092300.KQ,company,1,
금호에이치티,금호에이치티,,214330.KS,company,1,
세기상사,세기상사,,002420.KS,company,1,
핑거,핑거,,163730.KQ,company,1,
유라테크,유라테크,,048430.KQ,company,1,
빛샘전자,빛샘전자,,072950.KQ,company,1,
세방,세방,,004360.KS,company,1,
셀바스AI,셀바스AI,,108860.KQ,company,1,
에이루트,에이루트,,096690.KQ,company,1,
엘디티,엘디티,,096870.KQ,company,1,
한창산업,한창산업,,079170.KQ,company,1,
인바이오,인바이오,,352940.KQ,company,1,
피씨엘,피씨엘,,241820.KQ,company,1,
부국증권,부국증권,,001270.KS,company,1,
이씨에스,이씨에스,,067010.KQ,company,1,
한국수출포장공업,한국수출포장공업,,002200.KS,company,1,
루닛,루닛,,328130.KQ,company,1,
아진산업,아진산업,,013310.KQ,company,1,
한일철강,한일철강,,002220.KS,company,1,
녹십자홀딩스,녹십자홀딩스,,005250.KS,company,1,
사조대림,사조대림,,003960.KS,company,1,
나노,나노,,187790.KQ,company,1,
TJ미디어,TJ미디어,,032540.KQ,company,1,
강남제비스코,강남제비스코,,000860.KS,company,1,
셀바스헬스케어,셀바스헬스케어,,208370.KQ,company,1,
영우디에스피,영우디에스피,,143540.KQ,company,1,
삼성출판사,삼성출판사,,068290.KS,company,1,
카스,카스,,016920.KQ,company,1,
휴비츠,휴비츠,,065510.KQ,company,1,
유비온,유비온,,084440.KQ,company,1,
이미지스,이미지스,,115610.KQ,company,1,
에스폴리텍,에스폴리텍,,050760.KQ,company,1,
골프존,골프존,,215000.KQ,company,1,
오파스넷,오파스넷,,173130.KQ,company,1,
SG글로벌,SG글로벌,,001380.KS,company,1,
KPX홀딩스,KPX홀딩스,,092230.KS,company,1,
켄코아에어로스페이스,켄코아에어로스페이스,,274090.KQ,company,1,
영화금속,영화금속,,012280.KS,company,1,
키네마스터,키네마스터,,139670.KQ,company,1,
동양파일,동양파일,,228340.KQ,company,1,
동방,동방,,004140.KS,company,1,
화승엔터프라이즈,화승엔터프라이즈,,241590.KS,company,1,
조선선재,조선선재,,120030.KS,company,1,
다스코,다스코,,058730.KS,company,1,
클리오,클리오,,237880.KQ,company,1,
하나29호스팩,하나29호스팩,,454640.KQ,company,1,
LB세미콘,LB세미콘,,061970.KQ,company,1,
피엠티,피엠티,,147760.KQ,company,1,
크래프톤,크래프톤,,259960.KS,company,1,
인크로스,인크로스,,216050.KQ,company,1,
BYC,BYC,,001460.KS,company,1,
코츠테크놀로지,코츠테크놀로지,,448710.KQ,company,1,
THE E&M,THE E&M,,089230.KQ,company,1,
제이아이테크,제이아이테크,,417500.KQ,company,1,
잉글우드랩,잉글우드랩,,950140.KQ,company,1,
에스제이엠,에스제이엠,,123700.KS,company,1,
하나28호스팩,하나28호스팩,,454750.KQ,company,1,
SFA반도체,SFA반도체,,036540.KQ,company,1,
에이텍모빌리티,에이텍모빌리티,,224110.KQ,company,1,
지엠비코리아,지엠비코리아,,013870.KS,company,1,
네오팜,네오팜,,092730.KQ,company,1,
필에너지,필에너지,,378340.KQ,company,1,
미래산업,미래산업,,025560.KS,company,1,
에이블씨엔씨,에이블씨엔씨,,078520.KS,company,1,
한전산업,한전산업,,130660.KS,company,1,
SK증권제10호스팩,SK증권제10호스팩,,457940.KQ,company,1,
엔에이치스팩29호,엔에이치스팩29호,,451700.KQ,company,1,
KB제25호스팩,KB제25호스팩,,455250.KQ,company,1,
유투바이오,유투바이오,,221800.KQ,company,1,
DS단석,DS단석,,017860.KS,company,1,
하나30호스팩,하나30호스팩,,469880.KQ,company,1,
케이엔더블유,케이엔더블유,,105330.KQ,company,1,
세니젠,세니젠,,188260.KQ,company,1,
KB제27호스팩,KB제27호스팩,,464680.KQ,company,1,
쏘닉스,쏘닉스,,088280.KQ,company,1,
미래에셋드림스팩1호,미래에셋드림스팩1호,,442900.KQ,company,1,
SNT다이내믹스,SNT다이내믹스,,003570.KS,company,1,
S-Oil,S-Oil,,010950.KS,company,1,
한국무브넥스,한국무브넥스,,010100.KS,company,1,
팸텍,팸텍,,271830.KQ,company,1,
이수화학,이수화학,,005950.KS,company,1,
케이엔솔,케이엔솔,,053080.KQ,company,1,
흥국,흥국,,010240.KQ,company,1,
도이치모터스,도이치모터스,,067990.KQ,company,1,
DN오토모티브,DN오토모티브,,007340.KS,company,1,
삼진엘앤디,삼진엘앤디,,054090.KQ,company,1,
주연테크,주연테크,,044380.KS,company,1,
대보마그네틱,대보마그네틱,,290670.KQ,company,1,
스맥,스맥,,099440.KQ,company,1,
에코앤드림,에코앤드림,,101360.KQ,company,1,
캐스텍코리아,캐스텍코리아,,071850.KQ,company,1,
마니커에프앤지,마니커에프앤지,,195500.KQ,company,1,
넥스틸,넥스틸,,092790.KS,company,1,
SAMG엔터,SAMG엔터,,419530.KQ,company,1,
윙입푸드,윙입푸드,,900340.KQ,company,1,
대동금속,대동금속,,020400.KQ,company,1,
씨티케이,씨티케이,,260930.KQ,company,1,
다우기술,다우기술,,023590.KS,company,1,
율촌,율촌,,146060.KQ,company,1,
휴맥스,휴맥스,,115160.KQ,company,1,
LX인터내셔널,LX인터내셔널,,001120.KS,company,1,
피씨디렉트,피씨디렉트,,051380.KQ,company,1,
엠케이전자,엠케이전자,,033160.KQ,company,1,
KSS해운,KSS해운,,044450.KS,company,1,
인베니아,인베니아,,079950.KQ,company,1,
LG전자,LG전자,,066570.KS,company,1,
크레버스,크레버스,,096240.KQ,company,1,
산돌,산돌,,419120.KQ,company,1,
SK디앤디,SK디앤디,,210980.KS,company,1,
유일에너테크,유일에너테크,,340930.KQ,company,1,
디케이앤디,디케이앤디,,263020.KQ,company,1,
케스피온,케스피온,,079190.KQ,company,1,
마음AI,마음AI,,377480.KQ,company,1,
엑셈,엑셈,,205100.KQ,company,1,
아이비김영,아이비김영,,339950.KQ,company,1,
누리플랜,누리플랜,,069140.KQ,company,1,
제이에스티나,제이에스티나,,026040.KQ,company,1,
메가엠디,메가엠디,,133750.KQ,company,1,
스톤브릿지벤처스,스톤브릿지벤처스,,330730.KQ,company,1,
엘엠에스,엘엠에스,,073110.KQ,company,1,
오픈놀,오픈놀,,440320.KQ,company,1,
미래에셋증권,미래에셋증권,,006800.KS,company,1,
에코바이오,에코바이오,,038870.KQ,company,1,
나무기술,나무기술,,242040.KQ,company,1,
엠아이큐브솔루션,엠아이큐브솔루션,,373170.KQ,company,1,
파두,파두,,440110.KQ,company,1,
에스엠벡셀,에스엠벡셀,,010580.KS,company,1,
케이알엠,케이알엠,,093640.KQ,company,1,
멀티캠퍼스,멀티캠퍼스,,067280.KQ,company,1,
화성밸브,화성밸브,,039610.KQ,company,1,
삼정펄프,삼정펄프,,009770.KS,company,1,
엔에이치스팩30호,엔에이치스팩30호,,466910.KQ,company,1,
넥스틴,넥스틴,,348210.KQ,company,1,
세림B&G,세림B&G,,340440.KQ,company,1,
KH 필룩스,KH 필룩스,,033180.KS,company,1,
아센디오,아센디오,,012170.KS,company,1,
한국제13호스팩,한국제13호스팩,,464440.KQ,company,1,
강원랜드,강원랜드,,035250.KS,company,1,
케이엔에스,케이엔에스,,432470.KQ,company,1,
웰킵스하이텍,웰킵스하이텍,,043590.KQ,company,1,
NICE,NICE,,034310.KS,company,1,
아모레퍼시픽,아모레퍼시픽,,090430.KS,company,1,
압타바이오,압타바이오,,293780.KQ,company,1,
지니너스,지니너스,,389030.KQ,company,1,
나라셀라,나라셀라,,405920.KQ,company,1,
우진비앤지,우진비앤지,,018620.KQ,company,1,
롯데에너지머티리얼즈,롯데에너지머티리얼즈,,020150.KS,company,1,
원풍,원풍,,008370.KQ,company,1,
동화기업,동화기업,,025900.KQ,company,1,
STX엔진,STX엔진,,077970.KS,company,1,
신화인터텍,신화인터텍,,056700.KQ,company,1,
씨큐브,씨큐브,,101240.KQ,company,1,
에스와이스틸텍,에스와이스틸텍,,365330.KQ,company,1,
세명전기,세명전기,,017510.KQ,company,1,
모베이스전자,모베이스전자,,012860.KQ,company,1,
라온시큐어,라온시큐어,,042510.KQ,company,1,
다날,다날,,064260.KQ,company,1,
미원홀딩스,미원홀딩스,,107590.KS,company,1,
DMS,DMS,,068790.KQ,company,1,
한컴위드,한컴위드,,054920.KQ,company,1,
DXVX,DXVX,,180400.KQ,company,1,
DGP,DGP,,060900.KQ,company,1,
동양이엔피,동양이엔피,,079960.KQ,company,1,
라온테크,라온테크,,232680.KQ,company,1,
금호건설,금호건설,,002990.KS,company,1,
토비스,토비스,,051360.KQ,company,1,
한주라이트메탈,한주라이트메탈,,198940.KQ,company,1,
제이엔비,제이엔비,,452160.KQ,company,1,
코세스,코세스,,089890.KQ,company,1,
파인테크닉스,파인테크닉스,,106240.KQ,company,1,
대성산업,대성산업,,128820.KS,company,1,
에스엘에스바이오,에스엘에스바이오,,246250.KQ,company,1,
체시스,체시스,,033250.KS,company,1,
유비쿼스,유비쿼스,,264450.KQ,company,1,
골드앤에스,골드앤에스,,035290.KQ,company,1,
현대제철,현대제철,,004020.KS,company,1,
한빛레이저,한빛레이저,,452190.KQ,company,1,
까뮤이앤씨,까뮤이앤씨,,013700.KS,company,1,
미원화학,미원화학,,134380.KS,company,1,
이퓨쳐,이퓨쳐,,134060.KQ,company,1,
티사이언티픽,티사이언티픽,,057680.KQ,company,1,
알멕,알멕,,354320.KQ,company,1,
롯데리츠,롯데리츠,,330590.KS,company,1,
라온텍,라온텍,,418420.KQ,company,1,
가온그룹,가온그룹,,078890.KQ,company,1,
와이씨켐,와이씨켐,,112290.KQ,company,1,
캡스톤파트너스,캡스톤파트너스,,452300.KQ,company,1,
폴라리스오피스,폴라리스오피스,,041020.KQ,company,1,
동부건설,동부건설,,005960.KS,company,1,
한화손해보험,한화손해보험,,000370.KS,company,1,
동국알앤에스,동국알앤에스,,075970.KQ,company,1,
삼원강재,삼원강재,,023000.KS,company,1,
삼양패키징,삼양패키징,,272550.KS,company,1,
슈어소프트테크,슈어소프트테크,,298830.KQ,company,1,
이노시뮬레이션,이노시뮬레이션,,274400.KQ,company,1,
교보14호스팩,교보14호스팩,,456490.KQ,company,1,
모두투어,모두투어,,080160.KQ,company,1,
SK오션플랜트,SK오션플랜트,,100090.KS,company,1,
삼영,삼영,,003720.KS,company,1,
톱텍,톱텍,,108230.KQ,company,1,
매커스,매커스,,093520.KQ,company,1,
트루엔,트루엔,,417790.KQ,company,1,
KG스틸,KG스틸,,016380.KS,company,1,
넥슨게임즈,넥슨게임즈,,225570.KQ,company,1,
넥스트아이,넥스트아이,,137940.KQ,company,1,
씨엑스아이,씨엑스아이,,900120.KQ,company,1,
도화엔지니어링,도화엔지니어링,,002150.KS,company,1,
NI스틸,NI스틸,,008260.KS,company,1,
모헨즈,모헨즈,,006920.KQ,company,1,
디와이,디와이,,013570.KS,company,1,
대성미생물,대성미생물,,036480.KQ,company,1,
문배철강,문배철강,,008420.KS,company,1,
제이브이엠,제이브이엠,,054950.KQ,company,1,
WISCOM,WISCOM,,024070.KS,company,1,
파트론,파트론,,091700.KQ,company,1,
한선엔지니어링,한선엔지니어링,,452280.KQ,company,1,
SBS,SBS,,034120.KS,company,1,
아세아텍,아세아텍,,050860.KQ,company,1,
해성옵틱스,해성옵틱스,,076610.KQ,company,1,
동성화인텍,동성화인텍,,033500.KQ,company,1,
엠투아이,엠투아이,,347890.KQ,company,1,
세아특수강,세아특수강,,019440.KS,company,1,
우진엔텍,우진엔텍,,457550.KQ,company,1,
대신밸런스제17호스팩,대신밸런스제17호스팩,,471050.KQ,company,1,
케이티알파,케이티알파,,036030.KQ,company,1,
대신밸런스제16호스팩,대신밸런스제16호스팩,,457630.KQ,company,1,
웅진,웅진,,016880.KS,company,1,
TS인베스트먼트,TS인베스트먼트,,246690.KQ,company,1,
앱코,앱코,,129890.KQ,company,1,
HL만도,HL만도,,204320.KS,company,1,
우리금융지주,우리금융지주,,316140.KS,company,1,
모비데이즈,모비데이즈,,363260.KQ,company,1,
인팩,인팩,,023810.KS,company,1,
비엠티,비엠티,,086670.KQ,company,1,
진양홀딩스,진양홀딩스,,100250.KS,company,1,
애니플러스,애니플러스,,310200.KQ,company,1,
엠씨넥스,엠씨넥스,,097520.KS,company,1,
KB스타리츠,KB스타리츠,,432320.KS,company,1,
한화플러스제4호스팩,한화플러스제4호스팩,,455310.KQ,company,1,
엘앤에프,엘앤에프,,066970.KS,company,1,
한국ANKOR유전,한국ANKOR유전,,152550.KS,company,1,
뉴인텍,뉴인텍,,012340.KQ,company,1,
정원엔시스,정원엔시스,,045510.KQ,company,1,
케이프,케이프,,064820.KQ,company,1,
소프트센,소프트센,,032680.KQ,company,1,
부방,부방,,014470.KQ,company,1,
디에이피,디에이피,,066900.KQ,company,1,
키이스트,키이스트,,054780.KQ,company,1,
유성티엔에스,유성티엔에스,,024800.KQ,company,1,
한빛소프트,한빛소프트,,047080.KQ,company,1,
포스뱅크,포스뱅크,,105760.KQ,company,1,
하나27호스팩,하나27호스팩,,448370.KQ,company,1,
프럼파스트,프럼파스트,,035200.KQ,company,1,
HLB생명과학,HLB생명과학,,067630.KQ,company,1,
자연과환경,자연과환경,,043910.KQ,company,1,
에이디칩스,에이디칩스,,054630.KQ,company,1,
HB인베스트먼트,HB인베스트먼트,,440290.KQ,company,1,
메카로,메카로,,241770.KQ,company,1,
케이엔제이,케이엔제이,,272110.KQ,company,1,
협진,협진,,138360.KQ,company,1,
지노믹트리,지노믹트리,,228760.KQ,company,1,
카이노스메드,카이노스메드,,284620.KQ,company,1,
경인양행,경인양행,,012610.KS,company,1,
이연제약,이연제약,,102460.KS,company,1,
이상네트웍스,이상네트웍스,,080010.KQ,company,1,
나노캠텍,나노캠텍,,091970.KQ,company,1,
코스텍시스,코스텍시스,,355150.KQ,company,1,
베노티앤알,베노티앤알,,206400.KQ,company,1,
티비에이치글로벌,티비에이치글로벌,,084870.KS,company,1,
우리넷,우리넷,,115440.KQ,company,1,
어보브반도체,어보브반도체,,102120.KQ,company,1,
써니전자,써니전자,,004770.KS,company,1,
퓨쳐켐,퓨쳐켐,,220100.KQ,company,1,
씨앤지하이테크,씨앤지하이테크,,264660.KQ,company,1,
컴퍼니케이,컴퍼니케이,,307930.KQ,company,1,
앤씨앤,앤씨앤,,092600.KQ,company,1,
SK증권제11호스팩,SK증권제11호스팩,,472230.KQ,company,1,
원익QnC,원익QnC,,074600.KQ,company,1,
유니셈,유니셈,,036200.KQ,company,1,
한화리츠,한화리츠,,451800.KS,company,1,
KC그린홀딩스,KC그린홀딩스,,009440.KS,company,1,
파로스아이바이오,파로스아이바이오,,388870.KQ,company,1,
퓨런티어,퓨런티어,,370090.KQ,company,1,
에코아이,에코아이,,448280.KQ,company,1,
내츄럴엔도텍,내츄럴엔도텍,,168330.KQ,company,1,
제놀루션,제놀루션,,225220.KQ,company,1,
유진스팩10호,유진스팩10호,,468760.KQ,company,1,
JW신약,JW신약,,067290.KQ,company,1,
하나31호스팩,하나31호스팩,,469900.KQ,company,1,
비엔케이제2호스팩,비엔케이제2호스팩,,473370.KQ,company,1,
KH 건설,KH 건설,,226360.KQ,company,1,
동인기연,동인기연,,111380.KS,company,1,
인텍플러스,인텍플러스,,064290.KQ,company,1,
미래아이앤지,미래아이앤지,,007120.KS,company,1,
아모그린텍,아모그린텍,,125210.KQ,company,1,
경농,경농,,002100.KS,company,1,
이스트소프트,이스트소프트,,047560.KQ,company,1,
상상인제4호스팩,상상인제4호스팩,,452670.KQ,company,1,
싸이버원,싸이버원,,356890.KQ,company,1,
아이패밀리에스씨,아이패밀리에스씨,,114840.KQ,company,1,
지에스이,지에스이,,053050.KQ,company,1,
대림통상,대림통상,,006570.KS,company,1,
지투파워,지투파워,,388050.KQ,company,1,
펨트론,펨트론,,168360.KQ,company,1,
삼성공조,삼성공조,,006660.KS,company,1,
상신전자,상신전자,,263810.KQ,company,1,
코아시아,코아시아,,045970.KQ,company,1,
흥국에프엔비,흥국에프엔비,,189980.KQ,company,1,
피코그램,피코그램,,376180.KQ,company,1,
유니드,유니드,,014830.KS,company,1,
하이제8호스팩,하이제8호스팩,,450050.KQ,company,1,
컨텍,컨텍,,451760.KQ,company,1,
파수,파수,,150900.KQ,company,1,
브레인즈컴퍼니,브레인즈컴퍼니,,099390.KQ,company,1,
유니드비티플러스,유니드비티플러스,,446070.KS,company,1,
비보존 제약,비보존 제약,,082800.KQ,company,1,
세경하이테크,세경하이테크,,148150.KQ,company,1,
아우딘퓨쳐스,아우딘퓨쳐스,,227610.KQ,company,1,
플리토,플리토,,300080.KQ,company,1,
NAVER,NAVER,,035420.KS,company,1,
시스웍,시스웍,,269620.KQ,company,1,
티피씨글로벌,티피씨글로벌,,130740.KQ,company,1,
엔브이에이치코리아,엔브이에이치코리아,,067570.KQ,company,1,
유니테크노,유니테크노,,241690.KQ,company,1,
이수스페셜티케미컬,이수스페셜티케미컬,,457190.KS,company,1,
범양건영,범양건영,,002410.KS,company,1,
오로라,오로라,,039830.KQ,company,1,
이리츠코크렙,이리츠코크렙,,088260.KS,company,1,
아이크래프트,아이크래프트,,052460.KQ,company,1,
와토스코리아,와토스코리아,,079000.KQ,company,1,
그린플러스,그린플러스,,186230.KQ,company,1,
에스피시스템스,에스피시스템스,,317830.KQ,company,1,
하나금융지주,하나금융지주,,086790.KS,company,1,
삼성물산,삼성물산,,028260.KS,company,1,
이노뎁,이노뎁,,303530.KQ,company,1,
휴마시스,휴마시스,,205470.KQ,company,1,
BNK금융지주,BNK금융지주,,138930.KS,company,1,
더블유에스아이,더블유에스아이,,299170.KQ,company,1,
진시스템,진시스템,,363250.KQ,company,1,
한샘,한샘,,009240.KS,company,1,
새로닉스,새로닉스,,042600.KQ,company,1,
핀텔,핀텔,,291810.KQ,company,1,
현대지에프홀딩스,현대지에프홀딩스,,005440.KS,company,1,
휴림에이텍,휴림에이텍,,078590.KQ,company,1,
아이에이치큐,아이에이치큐,,003560.KS,company,1,
샌즈랩,샌즈랩,,411080.KQ,company,1,
사조씨푸드,사조씨푸드,,014710.KS,company,1,
삼성화재해상보험,삼성화재해상보험,,000810.KS,company,1,
화천기계,화천기계,,010660.KS,company,1,
대성에너지,대성에너지,,117580.KS,company,1,
티케이지휴켐스,티케이지휴켐스,,069260.KS,company,1,
원익IPS,원익IPS,,240810.KQ,company,1,
삼진,삼진,,032750.KQ,company,1,
큐로홀딩스,큐로홀딩스,,051780.KQ,company,1,
넥스트칩,넥스트칩,,396270.KQ,company,1,
사피엔반도체,사피엔반도체,,452430.KQ,company,1,
제테마,제테마,,216080.KQ,company,1,
푸드웰,푸드웰,,005670.KQ,company,1,
샤페론,샤페론,,378800.KQ,company,1,
메드팩토,메드팩토,,235980.KQ,company,1,
나노팀,나노팀,,417010.KQ,company,1,
미원상사,미원상사,,002840.KS,company,1,
예스24,예스24,,053280.KQ,company,1,
코오롱생명과학,코오롱생명과학,,102940.KQ,company,1,
폴라리스세원,폴라리스세원,,234100.KQ,company,1,
서전기전,서전기전,,189860.KQ,company,1,
HL홀딩스,HL홀딩스,,060980.KS,company,1,
LG생활건강,LG생활건강,,051900.KS,company,1,
테크윙,테크윙,,089030.KQ,company,1,
오로스테크놀로지,오로스테크놀로지,,322310.KQ,company,1,
에스디생명공학,에스디생명공학,,217480.KQ,company,1,
큐알티,큐알티,,405100.KQ,company,1,
바이오인프라,바이오인프라,,199730.KQ,company,1,
에스케이바이오팜,에스케이바이오팜,,326030.KS,company,1,
LB인베스트먼트,LB인베스트먼트,,309960.KQ,company,1,
SK케미칼,SK케미칼,,285130.KS,company,1,
피제이전자,피제이전자,,006140.KQ,company,1,
에스제이엠홀딩스,에스제이엠홀딩스,,025530.KS,company,1,
후성,후성,,093370.KS,company,1,
신성이엔지,신성이엔지,,011930.KS,company,1,
케이웨더,케이웨더,,068100.KQ,company,1,
조일알미늄,조일알미늄,,018470.KS,company,1,
큐리옥스바이오시스템즈,큐리옥스바이오시스템즈,,445680.KQ,company,1,
엠플러스,엠플러스,,259630.KQ,company,1,
자람테크놀로지,자람테크놀로지,,389020.KQ,company,1,
엑스페릭스,엑스페릭스,,317770.KQ,company,1,
피엔티,피엔티,,137400.KQ,company,1,
KG이니시스,KG이니시스,,035600.KQ,company,1,
가온전선,가온전선,,000500.KS,company,1,
KG모빌리언스,KG모빌리언스,,046440.KQ,company,1,
DRB동일,DRB동일,,004840.KS,company,1,
포인트엔지니어링,포인트엔지니어링,,256630.KQ,company,1,
아톤,아톤,,158430.KQ,company,1,
지엔씨에너지,지엔씨에너지,,119850.KQ,company,1,
디케이티,디케이티,,290550.KQ,company,1,
소마젠,소마젠,,950200.KQ,company,1,
라이콤,라이콤,,388790.KQ,company,1,
흥아해운,흥아해운,,003280.KS,company,1,
LS머트리얼즈,LS머트리얼즈,,417200.KQ,company,1,
뷰티스킨,뷰티스킨,,406820.KQ,company,1,
이노인스트루먼트,이노인스트루먼트,,215790.KQ,company,1,
씨싸이트,씨싸이트,,109670.KQ,company,1,
브이티,브이티,,018290.KQ,company,1,
SK증권제9호스팩,SK증권제9호스팩,,455910.KQ,company,1,
이루온,이루온,,065440.KQ,company,1,
하이록코리아,하이록코리아,,013030.KQ,company,1,
롯데렌탈,롯데렌탈,,089860.KS,company,1,
PI첨단소재,PI첨단소재,,178920.KS,company,1,
일진하이솔루스,일진하이솔루스,,271940.KS,company,1,
정다운,정다운,,208140.KQ,company,1,
HD현대건설기계,HD현대건설기계,,267270.KS,company,1,
BGF에코머티리얼즈,BGF에코머티리얼즈,,126600.KQ,company,1,
국일제지,국일제지,,078130.KQ,company,1,
피엔티엠에스,피엔티엠에스,,257370.KQ,company,1,
모아데이타,모아데이타,,288980.KQ,company,1,
덕우전자,덕우전자,,263600.KQ,company,1,
광전자,광전자,,017900.KS,company,1,
기가비스,기가비스,,420770.KQ,company,1,
에코볼트,에코볼트,,097780.KQ,company,1,
비덴트,비덴트,,121800.KQ,company,1,
나노씨엠에스,나노씨엠에스,,247660.KQ,company,1,
저스템,저스템,,417840.KQ,company,1,
티엘비,티엘비,,356860.KQ,company,1,
한국캐피탈,한국캐피탈,,023760.KQ,company,1,
시공테크,시공테크,,020710.KQ,company,1,
비트컴퓨터,비트컴퓨터,,032850.KQ,company,1,
현대글로비스,현대글로비스,,086280.KS,company,1,
메디아나,메디아나,,041920.KQ,company,1,
현대퓨처넷,현대퓨처넷,,126560.KS,company,1,
스튜디오삼익,스튜디오삼익,,415380.KQ,company,1,
쏠리드,쏠리드,,050890.KQ,company,1,
피에스케이홀딩스,피에스케이홀딩스,,031980.KQ,company,1,
한성기업,한성기업,,003680.KS,company,1,
메쎄이상,메쎄이상,,408920.KQ,company,1,
제이스코홀딩스,제이스코홀딩스,,023440.KQ,company,1,
현대백화점,현대백화점,,069960.KS,company,1,
신라교역,신라교역,,004970.KS,company,1,
뉴로메카,뉴로메카,,348340.KQ,company,1,
코미팜,코미팜,,041960.KQ,company,1,
버킷스튜디오,버킷스튜디오,,066410.KQ,company,1,
비에이치,비에이치,,090460.KS,company,1,
금양,금양,,001570.KS,company,1,
대성홀딩스,대성홀딩스,,016710.KS,company,1,
나우IB,나우IB,,293580.KQ,company,1,
IBKS제24호스팩,IBKS제24호스팩,,469480.KQ,company,1,
에스아이리소스,에스아이리소스,,065420.KQ,company,1,
HD현대,HD현대,,267250.KS,company,1,
마이크로컨텍솔,마이크로컨텍솔,,098120.KQ,company,1,
영원무역홀딩스,영원무역홀딩스,,009970.KS,company,1,
코퍼스코리아,코퍼스코리아,,322780.KQ,company,1,
HD현대에너지솔루션,HD현대에너지솔루션,,322000.KS,company,1,
오킨스전자,오킨스전자,,080580.KQ,company,1,
현대공업,현대공업,,170030.KQ,company,1,
더블유게임즈,더블유게임즈,,192080.KS,company,1,
현대그린푸드,현대그린푸드,,453340.KS,company,1,
세아베스틸지주,세아베스틸지주,,001430.KS,company,1,
DB하이텍,DB하이텍,,000990.KS,company,1,
아주IB투자,아주IB투자,,027360.KQ,company,1,
CMG제약,CMG제약,,058820.KQ,company,1,
코람코라이프인프라리츠,코람코라이프인프라리츠,,357120.KS,company,1,
케이카,케이카,,381970.KS,company,1,
명신산업,명신산업,,009900.KS,company,1,
동방선기,동방선기,,099410.KQ,company,1,
농심홀딩스,농심홀딩스,,072710.KS,company,1,
코난테크놀로지,코난테크놀로지,,402030.KQ,company,1,
평화산업,평화산업,,090080.KS,company,1,
이크레더블,이크레더블,,092130.KQ,company,1,
케이탑리츠,케이탑리츠,,145270.KS,company,1,
윈하이텍,윈하이텍,,192390.KQ,company,1,
대림제지,대림제지,,017650.KQ,company,1,
에이에프더블류,에이에프더블류,,312610.KQ,company,1,
일승,일승,,333430.KQ,company,1,
세원물산,세원물산,,024830.KQ,company,1,
케이티,케이티,,030200.KS,company,1,
뷰노,뷰노,,338220.KQ,company,1,
영원무역,영원무역,,111770.KS,company,1,
서플러스글로벌,서플러스글로벌,,140070.KQ,company,1,
아시아종묘,아시아종묘,,154030.KQ,company,1,
아이센스,아이센스,,099190.KQ,company,1,
에코프로에이치엔,에코프로에이치엔,,383310.KQ,company,1,
이수페타시스,이수페타시스,,007660.KS,company,1,
대한제강,대한제강,,084010.KS,company,1,
동일제강,동일제강,,002690.KS,company,1,
리드코프,리드코프,,012700.KQ,company,1,
잉크테크,잉크테크,,049550.KQ,company,1,
애경산업,애경산업,,018250.KS,company,1,
아이엠티,아이엠티,,451220.KQ,company,1,
듀오백,듀오백,,073190.KQ,company,1,
디앤디플랫폼리츠,디앤디플랫폼리츠,,377190.KS,company,1,
영보화학,영보화학,,014440.KS,company,1,
파라텍,파라텍,,033540.KQ,company,1,
벨로크,벨로크,,424760.KQ,company,1,
아셈스,아셈스,,136410.KQ,company,1,
케이엠더블유,케이엠더블유,,032500.KQ,company,1,
위드텍,위드텍,,348350.KQ,company,1,
금양그린파워,금양그린파워,,282720.KQ,company,1,
이스타코,이스타코,,015020.KS,company,1,
삼보산업,삼보산업,,009620.KQ,company,1,
해성산업,해성산업,,034810.KQ,company,1,
동우팜투테이블,동우팜투테이블,,088910.KQ,company,1,
와이엠,와이엠,,007530.KQ,company,1,
교보15호스팩,교보15호스팩,,465320.KQ,company,1,
와이바이오로직스,와이바이오로직스,,338840.KQ,company,1,
현대힘스,현대힘스,,460930.KQ,company,1,
신영와코루,신영와코루,,005800.KS,company,1,
노바텍,노바텍,,285490.KQ,company,1,
하나제약,하나제약,,293480.KS,company,1,
우리손에프앤지,우리손에프앤지,,073560.KQ,company,1,
HD현대인프라코어,HD현대인프라코어,,042670.KS,company,1,
마이크로투나노,마이크로투나노,,424980.KQ,company,1,
삼영엠텍,삼영엠텍,,054540.KQ,company,1,
LS증권,LS증권,,078020.KQ,company,1,
KB제29호스팩,KB제29호스팩,,478390.KQ,company,1,
포시에스,포시에스,,189690.KQ,company,1,
HRS,HRS,,036640.KQ,company,1,
모베이스,모베이스,,101330.KQ,company,1,
HD현대미포,HD현대미포,,010620.KS,company,1,
네이블,네이블,,153460.KQ,company,1,
대명에너지,대명에너지,,389260.KQ,company,1,
CJ프레시웨이,CJ프레시웨이,,051500.KQ,company,1,
마스턴프리미어리츠,마스턴프리미어리츠,,357430.KS,company,1,
TYM,TYM,,002900.KS,company,1,
메타랩스,메타랩스,,090370.KS,company,1,
코나아이,코나아이,,052400.KQ,company,1,
제주반도체,제주반도체,,080220.KQ,company,1,
오성첨단소재,오성첨단소재,,052420.KQ,company,1,
엔지스테크널러지,엔지스테크널러지,,208860.KQ,company,1,
한국제15호스팩,한국제15호스팩,,479880.KQ,company,1,
이원컴포텍,이원컴포텍,,088290.KQ,company,1,
대모,대모,,317850.KQ,company,1,
구영테크,구영테크,,053270.KQ,company,1,
HL D&I,HL D&I,,014790.KS,company,1,
라온피플,라온피플,,300120.KQ,company,1,
알서포트,알서포트,,131370.KQ,company,1,
에이치브이엠,에이치브이엠,,295310.KQ,company,1,
쏘카,쏘카,,403550.KS,company,1,
케이비아이동국실업,케이비아이동국실업,,001620.KS,company,1,
에이피알,에이피알,,278470.KS,company,1,
한솔아이원스,한솔아이원스,,114810.KQ,company,1,
성우하이텍,성우하이텍,,015750.KQ,company,1,
웰바이오텍,웰바이오텍,,010600.KS,company,1,
태경산업,태경산업,,015890.KS,company,1,
제이티,제이티,,089790.KQ,company,1,
디에이테크놀로지,디에이테크놀로지,,196490.KQ,company,1,
카카오게임즈,카카오게임즈,,293490.KQ,company,1,
시지트로닉스,시지트로닉스,,429270.KQ,company,1,
IBKS제23호스팩,IBKS제23호스팩,,467930.KQ,company,1,
차이커뮤니케이션,차이커뮤니케이션,,351870.KQ,company,1,
알루코,알루코,,001780.KS,company,1,
한창,한창,,005110.KS,company,1,
에스트래픽,에스트래픽,,234300.KQ,company,1,
SK이터닉스,SK이터닉스,,475150.KS,company,1,
브이엠,브이엠,,089970.KQ,company,1,
하나33호스팩,하나33호스팩,,475250.KQ,company,1,
NHN벅스,NHN벅스,,104200.KQ,company,1,
대신정보통신,대신정보통신,,020180.KQ,company,1,
노을,노을,,376930.KQ,company,1,
동국제강,동국제강,,460860.KS,company,1,
휴네시온,휴네시온,,290270.KQ,company,1,
이베스트스팩6호,이베스트스팩6호,,478110.KQ,company,1,
아스트,아스트,,067390.KQ,company,1,
교보16호스팩,교보16호스팩,,482520.KQ,company,1,
엔피케이,엔피케이,,048830.KQ,company,1,
진흥기업,진흥기업,,002780.KS,company,1,
SK하이닉스,SK하이닉스,,000660.KS,company,1,
에스엠,에스엠,,041510.KQ,company,1,
한솔홀딩스,한솔홀딩스,,004150.KS,company,1,
한국정보인증,한국정보인증,,053300.KQ,company,1,
SK,SK,,034730.KS,company,1,
JW홀딩스,JW홀딩스,,096760.KS,company,1,
엠아이텍,엠아이텍,,179290.KQ,company,1,
로지시스,로지시스,,067730.KQ,company,1,
예림당,예림당,,036000.KQ,company,1,
솔트룩스,솔트룩스,,304100.KQ,company,1,
효성 ITX,효성 ITX,,094280.KS,company,1,
탑머티리얼,탑머티리얼,,360070.KQ,company,1,
세중,세중,,039310.KQ,company,1,
아이진,아이진,,185490.KQ,company,1,
신한알파리츠,신한알파리츠,,293940.KS,company,1,
디오,디오,,039840.KQ,company,1,
에이프로,에이프로,,262260.KQ,company,1,
삼성E&A,삼성E&A,,028050.KS,company,1,
모아라이프플러스,모아라이프플러스,,142760.KQ,company,1,
윈팩,윈팩,,097800.KQ,company,1,
뉴보텍,뉴보텍,,060260.KQ,company,1,
서연,서연,,007860.KS,company,1,
메가터치,메가터치,,446540.KQ,company,1,
인콘,인콘,,083640.KQ,company,1,
하이로닉,하이로닉,,149980.KQ,company,1,
SGA솔루션즈,SGA솔루션즈,,184230.KQ,company,1,
화신정공,화신정공,,126640.KQ,company,1,
시알홀딩스,시알홀딩스,,000480.KS,company,1,
나이스디앤비,나이스디앤비,,130580.KQ,company,1,
유안타제15호스팩,유안타제15호스팩,,473050.KQ,company,1,
인바이오젠,인바이오젠,,101140.KS,company,1,
삼영무역,삼영무역,,002810.KS,company,1,
케이이엠텍,케이이엠텍,,106080.KQ,company,1,
보령,보령,,003850.KS,company,1,
사람인,사람인,,143240.KQ,company,1,
일월지엠엘,일월지엠엘,,178780.KQ,company,1,
레뷰코퍼레이션,레뷰코퍼레이션,,443250.KQ,company,1,
듀켐바이오,듀켐바이오,,176750.KQ,company,1,
경보제약,경보제약,,214390.KS,company,1,
판타지오,판타지오,,032800.KQ,company,1,
한진칼,한진칼,,180640.KS,company,1,
프레스티지바이오파마,프레스티지바이오파마,,950210.KS,company,1,
SK스퀘어,SK스퀘어,,402340.KS,company,1,
티디에스팜,티디에스팜,,464280.KQ,company,1,
원풍물산,원풍물산,,008290.KQ,company,1,
BF랩스,BF랩스,,139050.KQ,company,1,
케이씨,케이씨,,029460.KS,company,1,
플래스크,플래스크,,041590.KQ,company,1,
엘앤씨바이오,엘앤씨바이오,,290650.KQ,company,1,
대산F&B,대산F&B,,065150.KQ,company,1,
동국생명과학,동국생명과학,,303810.KQ,company,1,
한텍,한텍,,098070.KQ,company,1,
대유에이텍,대유에이텍,,002880.KS,company,1,
CJ ENM,CJ ENM,,035760.KQ,company,1,
오름테라퓨틱,오름테라퓨틱,,475830.KQ,company,1,
공구우먼,공구우먼,,366030.KQ,company,1,
프리엠스,프리엠스,,053160.KQ,company,1,
신성델타테크,신성델타테크,,065350.KQ,company,1,
덕신이피씨,덕신이피씨,,090410.KQ,company,1,
태웅로직스,태웅로직스,,124560.KQ,company,1,
지아이이노베이션,지아이이노베이션,,358570.KQ,company,1,
티씨케이,티씨케이,,064760.KQ,company,1,
바이브컴퍼니,바이브컴퍼니,,301300.KQ,company,1,
올릭스,올릭스,,226950.KQ,company,1,
웹케시,웹케시,,053580.KQ,company,1,
피앤씨테크,피앤씨테크,,237750.KQ,company,1,
케이아이엔엑스,케이아이엔엑스,,093320.KQ,company,1,
우리바이오,우리바이오,,082850.KQ,company,1,
위메이드맥스,위메이드맥스,,101730.KQ,company,1,
에스엠씨지,에스엠씨지,,460870.KQ,company,1,
엠디바이스,엠디바이스,,226590.KQ,company,1,
지엔코,지엔코,,065060.KQ,company,1,
아진전자부품,아진전자부품,,009320.KS,company,1,
KH 미래물산,KH 미래물산,,111870.KQ,company,1,
KC코트렐,KC코트렐,,119650.KS,company,1,
서산,서산,,079650.KQ,company,1,
삼화왕관,삼화왕관,,004450.KS,company,1,
상상인증권,상상인증권,,001290.KS,company,1,
에이럭스,에이럭스,,475580.KQ,company,1,
덕산하이메탈,덕산하이메탈,,077360.KQ,company,1,
덕산네오룩스,덕산네오룩스,,213420.KQ,company,1,
토박스코리아,토박스코리아,,215480.KQ,company,1,
라메디텍,라메디텍,,462510.KQ,company,1,
큐로셀,큐로셀,,372320.KQ,company,1,
SJG세종,SJG세종,,033530.KS,company,1,
리파인,리파인,,377450.KQ,company,1,
에이유브랜즈,에이유브랜즈,,481070.KQ,company,1,
케이바이오,케이바이오,,038530.KQ,company,1,
엣지파운드리,엣지파운드리,,105550.KQ,company,1,
하이브,하이브,,352820.KS,company,1,
한화,한화,,000880.KS,company,1,
블루엠텍,블루엠텍,,439580.KQ,company,1,
롯데손해보험,롯데손해보험,,000400.KS,company,1,
호전실업,호전실업,,111110.KS,company,1,
신진에스엠,신진에스엠,,138070.KQ,company,1,
미래에셋비전스팩4호,미래에셋비전스팩4호,,477380.KQ,company,1,
경남제약,경남제약,,053950.KQ,company,1,
다원넥스뷰,다원넥스뷰,,323350.KQ,company,1,
트윔,트윔,,290090.KQ,company,1,
SKAI,SKAI,,357880.KQ,company,1,
진양폴리우레탄,진양폴리우레탄,,010640.KS,company,1,
현대모비스,현대모비스,,012330.KS,company,1,
체리부로,체리부로,,066360.KQ,company,1,
성안머티리얼스,성안머티리얼스,,011300.KS,company,1,
두올,두올,,016740.KS,company,1,
캠시스,캠시스,,050110.KQ,company,1,
모니터랩,모니터랩,,434480.KQ,company,1,
코어라인소프트,코어라인소프트,,384470.KQ,company,1,
와이엔텍,와이엔텍,,067900.KQ,company,1,
디앤디파마텍,디앤디파마텍,,347850.KQ,company,1,
메가스터디교육,메가스터디교육,,215200.KQ,company,1,
바이오솔루션,바이오솔루션,,086820.KQ,company,1,
포스코인터내셔널,포스코인터내셔널,,047050.KS,company,1,
삼일제약,삼일제약,,000520.KS,company,1,
파미셀,파미셀,,005690.KS,company,1,
형지엘리트,형지엘리트,,093240.KS,company,1,
현대자동차,현대자동차,,005380.KS,company,1,
디비금융스팩12호,디비금융스팩12호,,477760.KQ,company,1,
리가켐바이오,리가켐바이오,,141080.KQ,company,1,
대주산업,대주산업,,003310.KQ,company,1,
바텍,바텍,,043150.KQ,company,1,
인바디,인바디,,041830.KQ,company,1,
JW생명과학,JW생명과학,,234080.KS,company,1,
GKL,GKL,,114090.KS,company,1,
쌍방울,쌍방울,,102280.KS,company,1,
에이직랜드,에이직랜드,,445090.KQ,company,1,
지더블유바이텍,지더블유바이텍,,036180.KQ,company,1,
테라사이언스,테라사이언스,,073640.KQ,company,1,
교보17호스팩,교보17호스팩,,489210.KQ,company,1,
신한제14호스팩,신한제14호스팩,,487360.KQ,company,1,
신흥,신흥,,004080.KS,company,1,
CJ씨푸드,CJ씨푸드,,011150.KS,company,1,
신도리코,신도리코,,029530.KS,company,1,
한온시스템,한온시스템,,018880.KS,company,1,
투비소프트,투비소프트,,079970.KQ,company,1,
아시아나항공,아시아나항공,,020560.KS,company,1,
에어부산,에어부산,,298690.KS,company,1,
신라에스지,신라에스지,,025870.KQ,company,1,
이지케어텍,이지케어텍,,099750.KQ,company,1,
신한제15호스팩,신한제15호스팩,,487830.KQ,company,1,
사이냅소프트,사이냅소프트,,466410.KQ,company,1,
하나34호스팩,하나34호스팩,,484130.KQ,company,1,
명문제약,명문제약,,017180.KS,company,1,
글로본,글로본,,019660.KQ,company,1,
한국전력공사,한국전력공사,,015760.KS,company,1,
케이씨씨,케이씨씨,,002380.KS,company,1,
푸드나무,푸드나무,,290720.KQ,company,1,
한국비티비,한국비티비,,219750.KQ,company,1,
시프트업,시프트업,,462870.KS,company,1,
한국특강,한국특강,,007280.KS,company,1,
창해에탄올,창해에탄올,,004650.KQ,company,1,
세아제강지주,세아제강지주,,003030.KS,company,1,
나이스정보통신,나이스정보통신,,036800.KQ,company,1,
KX하이텍,KX하이텍,,052900.KQ,company,1,
자이에스앤디,자이에스앤디,,317400.KS,company,1,
HD현대마린솔루션,HD현대마린솔루션,,443060.KS,company,1,
옵투스제약,옵투스제약,,131030.KQ,company,1,
HD현대일렉트릭,HD현대일렉트릭,,267260.KS,company,1,
파마리서치,파마리서치,,214450.KQ,company,1,
제일약품,제일약품,,271980.KS,company,1,
지씨셀,지씨셀,,144510.KQ,company,1,
엔에프씨,엔에프씨,,265740.KQ,company,1,
성호전자,성호전자,,043260.KQ,company,1,
서연탑메탈,서연탑메탈,,019770.KQ,company,1,
에이엘티,에이엘티,,172670.KQ,company,1,
큐라티스,큐라티스,,348080.KQ,company,1,
한화오션,한화오션,,042660.KS,company,1,
팜스코,팜스코,,036580.KS,company,1,
소프트캠프,소프트캠프,,258790.KQ,company,1,
루미르,루미르,,474170.KQ,company,1,
스타플렉스,스타플렉스,,115570.KQ,company,1,
피아이이,피아이이,,452450.KQ,company,1,
와이즈넛,와이즈넛,,096250.KQ,company,1,
LG씨엔에스,LG씨엔에스,,064400.KS,company,1,
동국S&C,동국S&C,,100130.KQ,company,1,
휴비스,휴비스,,079980.KS,company,1,
케이씨티,케이씨티,,089150.KQ,company,1,
현대오토에버,현대오토에버,,307950.KS,company,1,
동아엘텍,동아엘텍,,088130.KQ,company,1,
세이브존I&C,세이브존I&C,,067830.KS,company,1,
픽셀플러스,픽셀플러스,,087600.KQ,company,1,
HD현대중공업,HD현대중공업,,329180.KS,company,1,
엑시콘,엑시콘,,092870.KQ,company,1,
케이사인,케이사인,,192250.KQ,company,1,
쎄노텍,쎄노텍,,222420.KQ,company,1,
신시웨이,신시웨이,,290560.KQ,company,1,
하나32호스팩,하나32호스팩,,475240.KQ,company,1,
삐아,삐아,,451250.KQ,company,1,
알티캐스트,알티캐스트,,085810.KQ,company,1,
계룡건설산업,계룡건설산업,,013580.KS,company,1,
엠젠솔루션,엠젠솔루션,,032790.KQ,company,1,
NH올원리츠,NH올원리츠,,400760.KS,company,1,
드래곤플라이,드래곤플라이,,030350.KQ,company,1,
백금T&A,백금T&A,,046310.KQ,company,1,
에스비비테크,에스비비테크,,389500.KQ,company,1,
SGC에너지,SGC에너지,,005090.KS,company,1,
TP,TP,,007980.KS,company,1,
NICE평가정보,NICE평가정보,,030190.KS,company,1,
에이텍,에이텍,,045660.KQ,company,1,
켐트로닉스,켐트로닉스,,089010.KQ,company,1,
인카금융서비스,인카금융서비스,,211050.KQ,company,1,
휴온스,휴온스,,243070.KQ,company,1,
매일유업,매일유업,,267980.KQ,company,1,
엔시스,엔시스,,333620.KQ,company,1,
모코엠시스,모코엠시스,,333050.KQ,company,1,
비아이매트릭스,비아이매트릭스,,413640.KQ,company,1,
M83,M83,,476080.KQ,company,1,
에스지헬스케어,에스지헬스케어,,398120.KQ,company,1,
인트론바이오,인트론바이오,,048530.KQ,company,1,
중앙백신,중앙백신,,072020.KQ,company,1,
펩트론,펩트론,,087010.KQ,company,1,
메디포스트,메디포스트,,078160.KQ,company,1,
씨에스베어링,씨에스베어링,,297090.KQ,company,1,
씨에스윈드,씨에스윈드,,112610.KS,company,1,
크리스에프앤씨,크리스에프앤씨,,110790.KQ,company,1,
FSN,FSN,,214270.KQ,company,1,
삼표시멘트,삼표시멘트,,038500.KQ,company,1,
KTis,KTis,,058860.KS,company,1,
그린생명과학,그린생명과학,,114450.KQ,company,1,
메디톡스,메디톡스,,086900.KQ,company,1,
삼성바이오로직스,삼성바이오로직스,,207940.KS,company,1,
테고사이언스,테고사이언스,,191420.KQ,company,1,
유틸렉스,유틸렉스,,263050.KQ,company,1,
셀레믹스,셀레믹스,,331920.KQ,company,1,
SK바이오사이언스,SK바이오사이언스,,302440.KS,company,1,
계양전기,계양전기,,012200.KS,company,1,
나라엠앤디,나라엠앤디,,051490.KQ,company,1,
에이테크솔루션,에이테크솔루션,,071670.KQ,company,1,
디어유,디어유,,376300.KQ,company,1,
이건산업,이건산업,,008250.KS,company,1,
SGC E&C,SGC E&C,,016250.KQ,company,1,
콜마홀딩스,콜마홀딩스,,024720.KS,company,1,
주성코퍼레이션,주성코퍼레이션,,109070.KS,company,1,
국영지앤엠,국영지앤엠,,006050.KQ,company,1,
엘에스일렉트릭,엘에스일렉트릭,,010120.KS,company,1,
원일특강,원일특강,,012620.KQ,company,1,
휴니드테크놀러지스,휴니드테크놀러지스,,005870.KS,company,1,
SM C&C,SM C&C,,048550.KQ,company,1,
엔에스이엔엠,엔에스이엔엠,,078860.KQ,company,1,
엘앤케이바이오,엘앤케이바이오,,156100.KQ,company,1,
하이퍼코퍼레이션,하이퍼코퍼레이션,,065650.KQ,company,1,
모델솔루션,모델솔루션,,417970.KQ,company,1,
지아이텍,지아이텍,,382480.KQ,company,1,
하이비젼시스템,하이비젼시스템,,126700.KQ,company,1,
유신,유신,,054930.KQ,company,1,
이엔플러스,이엔플러스,,074610.KS,company,1,
초록뱀미디어,초록뱀미디어,,047820.KQ,company,1,
디와이피엔에프,디와이피엔에프,,104460.KQ,company,1,
티엔엔터테인먼트,티엔엔터테인먼트,,131100.KQ,company,1,
한양디지텍,한양디지텍,,078350.KQ,company,1,
남성,남성,,004270.KS,company,1,
카티스,카티스,,140430.KQ,company,1,
국일신동,국일신동,,060480.KQ,company,1,
롯데칠성음료,롯데칠성음료,,005300.KS,company,1,
유비케어,유비케어,,032620.KQ,company,1,
삼성전자,삼성전자,,005930.KS,company,1,
오공,오공,,045060.KQ,company,1,
LS마린솔루션,LS마린솔루션,,060370.KQ,company,1,
삼호개발,삼호개발,,010960.KS,company,1,
희림,희림,,037440.KQ,company,1,
롯데케미칼,롯데케미칼,,011170.KS,company,1,
현대바이오,현대바이오,,048410.KQ,company,1,
에프앤가이드,에프앤가이드,,064850.KQ,company,1,
LG유플러스,LG유플러스,,032640.KS,company,1,
머큐리,머큐리,,100590.KQ,company,1,
신세계푸드,신세계푸드,,031440.KS,company,1,
웰크론한텍,웰크론한텍,,076080.KQ,company,1,
CJ CGV,CJ CGV,,079160.KS,company,1,
타이거일렉,타이거일렉,,219130.KQ,company,1,
아이스크림미디어,아이스크림미디어,,461300.KQ,company,1,
워트,워트,,396470.KQ,company,1,
NPX,NPX,,222160.KQ,company,1,
바이젠셀,바이젠셀,,308080.KQ,company,1,
RF머트리얼즈,RF머트리얼즈,,327260.KQ,company,1,
우양에이치씨,우양에이치씨,,101970.KQ,company,1,
한미반도체,한미반도체,,042700.KS,company,1,
아모센스,아모센스,,357580.KQ,company,1,
동국산업,동국산업,,005160.KQ,company,1,
스틱인베스트먼트,스틱인베스트먼트,,026890.KS,company,1,
피제이메탈,피제이메탈,,128660.KQ,company,1,
국도화학,국도화학,,007690.KS,company,1,
캔버스엔,캔버스엔,,210120.KQ,company,1,
딥노이드,딥노이드,,315640.KQ,company,1,
삼영이엔씨,삼영이엔씨,,065570.KQ,company,1,
대원제약,대원제약,,003220.KS,company,1,
에코캡,에코캡,,128540.KQ,company,1,
지란지교시큐리티,지란지교시큐리티,,208350.KQ,company,1,
RFHIC,RFHIC,,218410.KQ,company,1,
심텍,심텍,,222800.KQ,company,1,
셀바이오휴먼텍,셀바이오휴먼텍,,318160.KQ,company,1,
크라우드웍스,크라우드웍스,,355390.KQ,company,1,
에이에스텍,에이에스텍,,453860.KQ,company,1,
조선내화,조선내화,,462520.KS,company,1,
금호타이어,금호타이어,,073240.KS,company,1,
뱅크웨어글로벌,뱅크웨어글로벌,,199480.KQ,company,1,
선진뷰티사이언스,선진뷰티사이언스,,086710.KQ,company,1,
티에스아이,티에스아이,,277880.KQ,company,1,
이엔셀,이엔셀,,456070.KQ,company,1,
모티브링크,모티브링크,,463480.KQ,company,1,
에코프로머티,에코프로머티,,450080.KS,company,1,
CJ대한통운,CJ대한통운,,000120.KS,company,1,
한양이엔지,한양이엔지,,045100.KQ,company,1,
SK증권,SK증권,,001510.KS,company,1,
로보스타,로보스타,,090360.KQ,company,1,
하나머티리얼즈,하나머티리얼즈,,166090.KQ,company,1,
아이에스티이,아이에스티이,,212710.KQ,company,1,
KB제31호스팩,KB제31호스팩,,492220.KQ,company,1,
세아메카닉스,세아메카닉스,,396300.KQ,company,1,
대우건설,대우건설,,047040.KS,company,1,
클로봇,클로봇,,466100.KQ,company,1,
현대홈쇼핑,현대홈쇼핑,,057050.KS,company,1,
에스퓨얼셀,에스퓨얼셀,,288620.KQ,company,1,
디비금융제13호스팩,디비금융제13호스팩,,489730.KQ,company,1,
한국제12호스팩,한국제12호스팩,,458610.KQ,company,1,
상지건설,상지건설,,042940.KQ,company,1,
메타케어,메타케어,,118000.KS,company,1,
LIG넥스원,LIG넥스원,,079550.KS,company,1,
효성중공업,효성중공업,,298040.KS,company,1,
글로벌에스엠,글로벌에스엠,,900070.KQ,company,1,
IBKS제21호스팩,IBKS제21호스팩,,442770.KQ,company,1,
IBKS제22호스팩,IBKS제22호스팩,,448760.KQ,company,1,
해성에어로보틱스,해성에어로보틱스,,059270.KQ,company,1,
그린리소스,그린리소스,,402490.KQ,company,1,
제일엠앤에스,제일엠앤에스,,412540.KQ,company,1,
딜리,딜리,,131180.KQ,company,1,
대웅,대웅,,003090.KS,company,1,
인성정보,인성정보,,033230.KQ,company,1,
엠에스오토텍,엠에스오토텍,,123040.KQ,company,1,
비케이홀딩스,비케이홀딩스,,050090.KQ,company,1,
동진쎄미켐,동진쎄미켐,,005290.KQ,company,1,
에스에프에이,에스에프에이,,056190.KQ,company,1,
한울반도체,한울반도체,,320000.KQ,company,1,
에이치이엠파마,에이치이엠파마,,376270.KQ,company,1,
한전기술,한전기술,,052690.KS,company,1,
윈스테크넷,윈스테크넷,,136540.KQ,company,1,
국보,국보,,001140.KS,company,1,
알톤,알톤,,123750.KQ,company,1,
평화홀딩스,평화홀딩스,,010770.KS,company,1,
네패스,네패스,,033640.KQ,company,1,
카카오,카카오,,035720.KS,company,1,
엔씨소프트,엔씨소프트,,036570.KS,company,1,
케이티스카이라이프,케이티스카이라이프,,053210.KS,company,1,
오르비텍,오르비텍,,046120.KQ,company,1,
한세엠케이,한세엠케이,,069640.KS,company,1,
이닉스,이닉스,,452400.KQ,company,1,
종근당바이오,종근당바이오,,063160.KS,company,1,
대웅제약,대웅제약,,069620.KS,company,1,
팬엔터테인먼트,팬엔터테인먼트,,068050.KQ,company,1,
하나마이크론,하나마이크론,,067310.KQ,company,1,
SK네트웍스,SK네트웍스,,001740.KS,company,1,
HS효성,HS효성,,487570.KS,company,1,
피에스텍,피에스텍,,002230.KQ,company,1,
엔피,엔피,,291230.KQ,company,1,
아이씨에이치,아이씨에이치,,368600.KQ,company,1,
코닉오토메이션,코닉오토메이션,,391710.KQ,company,1,
유안타제16호스팩,유안타제16호스팩,,474490.KQ,company,1,
POSCO홀딩스,POSCO홀딩스,,005490.KS,company,1,
롯데정밀화학,롯데정밀화학,,004000.KS,company,1,
신세계인터내셔날,신세계인터내셔날,,031430.KS,company,1,
동일고무벨트,동일고무벨트,,163560.KS,company,1,
유라클,유라클,,088340.KQ,company,1,
농심,농심,,004370.KS,company,1,
동양고속,동양고속,,084670.KS,company,1,
에이플러스에셋,에이플러스에셋,,244920.KS,company,1,
이마트,이마트,,139480.KS,company,1,
넥스트바이오메디컬,넥스트바이오메디컬,,389650.KQ,company,1,
씨메스,씨메스,,475400.KQ,company,1,
씨아이에스,씨아이에스,,222080.KQ,company,1,
케이디켐,케이디켐,,221980.KQ,company,1,
폴라리스우노,폴라리스우노,,114630.KQ,company,1,
홈캐스트,홈캐스트,,064240.KQ,company,1,
케이엔알시스템,케이엔알시스템,,199430.KQ,company,1,
파인텍,파인텍,,131760.KQ,company,1,
코리안리,코리안리,,003690.KS,company,1,
비츠로테크,비츠로테크,,042370.KQ,company,1,
F&F 홀딩스,F&F 홀딩스,,007700.KS,company,1,
KZ정밀,KZ정밀,,036560.KQ,company,1,
팬스타엔터프라이즈,팬스타엔터프라이즈,,054300.KQ,company,1,
신세계I&C,신세계I&C,,035510.KS,company,1,
탑코미디어,탑코미디어,,134580.KQ,company,1,
F&F,F&F,,383220.KS,company,1,
KB발해인프라,KB발해인프라,,415640.KS,company,1,
RF시스템즈,RF시스템즈,,474610.KQ,company,1,
INVENI,INVENI,,015360.KS,company,1,
대한뉴팜,대한뉴팜,,054670.KQ,company,1,
동국씨엠,동국씨엠,,460850.KS,company,1,
엠앤씨솔루션,엠앤씨솔루션,,484870.KS,company,1,
오늘이엔엠,오늘이엔엠,,192410.KQ,company,1,
아이비젼웍스,아이비젼웍스,,469750.KQ,company,1,
SB성보,SB성보,,003080.KS,company,1,
유니켐,유니켐,,011330.KS,company,1,
씨씨에스,씨씨에스,,066790.KQ,company,1,
골프존홀딩스,골프존홀딩스,,121440.KQ,company,1,
젝시믹스,젝시믹스,,337930.KQ,company,1,
지놈앤컴퍼니,지놈앤컴퍼니,,314130.KQ,company,1,
현대무벡스,현대무벡스,,319400.KQ,company,1,
네패스아크,네패스아크,,330860.KQ,company,1,
범한퓨얼셀,범한퓨얼셀,,382900.KQ,company,1,
에이치엔에스하이텍,에이치엔에스하이텍,,044990.KQ,company,1,
웨이비스,웨이비스,,289930.KQ,company,1,
SUN&L,SUN&L,,002820.KS,company,1,
엔켐,엔켐,,348370.KQ,company,1,
대신밸런스제18호스팩,대신밸런스제18호스팩,,478780.KQ,company,1,
미창석유공업,미창석유공업,,003650.KS,company,1,
에이프로젠,에이프로젠,,007460.KS,company,1,
유진테크놀로지,유진테크놀로지,,240600.KQ,company,1,
디앤씨미디어,디앤씨미디어,,263720.KQ,company,1,
우림피티에스,우림피티에스,,101170.KQ,company,1,
셀루메드,셀루메드,,049180.KQ,company,1,
엘케이켐,엘케이켐,,489500.KQ,company,1,
한화엔진,한화엔진,,082740.KS,company,1,
헥토파이낸셜,헥토파이낸셜,,234340.KQ,company,1,
다올투자증권,다올투자증권,,030210.KS,company,1,
대호특수강,대호특수강,,021040.KQ,company,1,
오스테오닉,오스테오닉,,226400.KQ,company,1,
플레이그램,플레이그램,,009810.KS,company,1,
엠브레인,엠브레인,,169330.KQ,company,1,
그리드위즈,그리드위즈,,453450.KQ,company,1,
무림P&P,무림P&P,,009580.KS,company,1,
무림SP,무림SP,,001810.KQ,company,1,
아이씨티케이,아이씨티케이,,456010.KQ,company,1,
한국기업평가,한국기업평가,,034950.KQ,company,1,
동신건설,동신건설,,025950.KQ,company,1,
에이치엠넥스,에이치엠넥스,,036170.KQ,company,1,
켐트로스,켐트로스,,220260.KQ,company,1,
무림페이퍼,무림페이퍼,,009200.KS,company,1,
메타바이오메드,메타바이오메드,,059210.KQ,company,1,
바이오니아,바이오니아,,064550.KQ,company,1,
한스바이오메드,한스바이오메드,,042520.KQ,company,1,
알리코제약,알리코제약,,260660.KQ,company,1,
티앤엘,티앤엘,,340570.KQ,company,1,
나이벡,나이벡,,138610.KQ,company,1,
엑세스바이오,엑세스바이오,,950130.KQ,company,1,
옵티팜,옵티팜,,153710.KQ,company,1,
수젠텍,수젠텍,,253840.KQ,company,1,
피플바이오,피플바이오,,304840.KQ,company,1,
오상자이엘,오상자이엘,,053980.KQ,company,1,
레이저옵텍,레이저옵텍,,199550.KQ,company,1,
STX그린로지스,STX그린로지스,,465770.KS,company,1,
엔피씨,엔피씨,,004250.KS,company,1,
휴온스글로벌,휴온스글로벌,,084110.KQ,company,1,
케이엠,케이엠,,083550.KQ,company,1,
두산,두산,,000150.KS,company,1,
마크로젠,마크로젠,,038290.KQ,company,1,
동양,동양,,001520.KS,company,1,
삼익악기,삼익악기,,002450.KS,company,1,
노브랜드,노브랜드,,145170.KQ,company,1,
펄어비스,펄어비스,,263750.KQ,company,1,
고려산업,고려산업,,002140.KS,company,1,
CS,CS,,065770.KQ,company,1,
이노스페이스,이노스페이스,,462350.KQ,company,1,
솔브레인홀딩스,솔브레인홀딩스,,036830.KQ,company,1,
에르코스,에르코스,,435570.KQ,company,1,
한국첨단소재,한국첨단소재,,062970.KQ,company,1,
링크드,링크드,,193250.KQ,company,1,
셀비온,셀비온,,308430.KQ,company,1,
현대건설,현대건설,,000720.KS,company,1,
포니링크,포니링크,,064800.KQ,company,1,
포인트모바일,포인트모바일,,318020.KQ,company,1,
SK증권제13호스팩,SK증권제13호스팩,,473950.KQ,company,1,
대림바스,대림바스,,005750.KS,company,1,
삼양케이씨아이,삼양케이씨아이,,036670.KQ,company,1,
오뚜기,오뚜기,,007310.KS,company,1,
온타이드,온타이드,,005320.KS,company,1,
미디어젠,미디어젠,,279600.KQ,company,1,
뉴파워프라즈마,뉴파워프라즈마,,144960.KQ,company,1,
iM금융지주,iM금융지주,,139130.KS,company,1,
오스코텍,오스코텍,,039200.KQ,company,1,
선바이오,선바이오,,067370.KQ,company,1,
신라젠,신라젠,,215600.KQ,company,1,
HLB제넥스,HLB제넥스,,187420.KQ,company,1,
디엔에프,디엔에프,,092070.KQ,company,1,
키움제10호스팩,키움제10호스팩,,487720.KQ,company,1,
테이팩스,테이팩스,,055490.KS,company,1,
삼진제약,삼진제약,,005500.KS,company,1,
동서,동서,,026960.KS,company,1,
풍산홀딩스,풍산홀딩스,,005810.KS,company,1,
현대해상,현대해상,,001450.KS,company,1,
이월드,이월드,,084680.KS,company,1,
삼천리자전거,삼천리자전거,,024950.KQ,company,1,
이수앱지스,이수앱지스,,086890.KQ,company,1,
S&K폴리텍,S&K폴리텍,,091340.KQ,company,1,
참좋은여행,참좋은여행,,094850.KQ,company,1,
엔젤로보틱스,엔젤로보틱스,,455900.KQ,company,1,
노머스,노머스,,473980.KQ,company,1,
동일스틸럭스,동일스틸럭스,,023790.KQ,company,1,
에코프로,에코프로,,086520.KQ,company,1,
GS피앤엘,GS피앤엘,,499790.KS,company,1,
파이오링크,파이오링크,,170790.KQ,company,1,
위세아이텍,위세아이텍,,065370.KQ,company,1,
미래에셋비전스팩5호,미래에셋비전스팩5호,,477470.KQ,company,1,
씨어스테크놀로지,씨어스테크놀로지,,458870.KQ,company,1,
에스에스알,에스에스알,,275630.KQ,company,1,
코렌텍,코렌텍,,104540.KQ,company,1,
EDGC,EDGC,,245620.KQ,company,1,
옵트론텍,옵트론텍,,082210.KQ,company,1,
수산인더스트리,수산인더스트리,,126720.KS,company,1,
코다코,코다코,,046070.KQ,company,1,
젠큐릭스,젠큐릭스,,229000.KQ,company,1,
KB금융,KB금융,,105560.KS,company,1,
APS,APS,,054620.KQ,company,1,
에스티팜,에스티팜,,237690.KQ,company,1,
에스오에스랩,에스오에스랩,,464080.KQ,company,1,
아이큐어,아이큐어,,175250.KQ,company,1,
플루토스,플루토스,,019570.KQ,company,1,
티이엠씨씨엔에스,티이엠씨씨엔에스,,241790.KQ,company,1,
모토닉,모토닉,,009680.KS,company,1,
엔에이치스팩31호,엔에이치스팩31호,,481890.KQ,company,1,
대신밸런스제19호스팩,대신밸런스제19호스팩,,482690.KQ,company,1,
위츠,위츠,,459100.KQ,company,1,
유디엠텍,유디엠텍,,389680.KQ,company,1,
대원,대원,,007680.KQ,company,1,
풀무원,풀무원,,017810.KS,company,1,
오리엔트정공,오리엔트정공,,065500.KQ,company,1,
한일현대시멘트,한일현대시멘트,,006390.KS,company,1,
비엘팜텍,비엘팜텍,,065170.KQ,company,1,
진양화학,진양화학,,051630.KS,company,1,
진양산업,진양산업,,003780.KS,company,1,
다우데이타,다우데이타,,032190.KQ,company,1,
서울보증보험,서울보증보험,,031210.KS,company,1,
화인베스틸,화인베스틸,,133820.KS,company,1,
두산로보틱스,두산로보틱스,,454910.KS,company,1,
넥스턴바이오,넥스턴바이오,,089140.KQ,company,1,
제우스,제우스,,079370.KQ,company,1,
제이앤티씨,제이앤티씨,,204270.KQ,company,1,
상신이디피,상신이디피,,091580.KQ,company,1,
아스테라시스,아스테라시스,,450950.KQ,company,1,
데이원컴퍼니,데이원컴퍼니,,373160.KQ,company,1,
이엠앤아이,이엠앤아이,,083470.KQ,company,1,
프롬바이오,프롬바이오,,377220.KQ,company,1,
덴티움,덴티움,,145720.KS,company,1,
케일럼,케일럼,,258610.KQ,company,1,
아이빔테크놀로지,아이빔테크놀로지,,460470.KQ,company,1,
한일시멘트,한일시멘트,,300720.KS,company,1,
키움제11호스팩,키움제11호스팩,,489480.KQ,company,1,
미트박스,미트박스,,475460.KQ,company,1,
유안타제17호스팩,유안타제17호스팩,,493790.KQ,company,1,
태웅,태웅,,044490.KQ,company,1,
미투온,미투온,,201490.KQ,company,1,
AK홀딩스,AK홀딩스,,006840.KS,company,1,
아주스틸,아주스틸,,139990.KS,company,1,
블루콤,블루콤,,033560.KQ,company,1,
아이언디바이스,아이언디바이스,,464500.KQ,company,1,
싸이토젠,싸이토젠,,217330.KQ,company,1,
포톤,포톤,,208710.KQ,company,1,
PKC,PKC,,001340.KS,company,1,
화인써키트,화인써키트,,127980.KQ,company,1,
엑셀세라퓨틱스,엑셀세라퓨틱스,,373110.KQ,company,1,
신일전자,신일전자,,002700.KS,company,1,
자이글,자이글,,234920.KQ,company,1,
강원에너지,강원에너지,,114190.KQ,company,1,
동국홀딩스,동국홀딩스,,001230.KS,company,1,
대동스틸,대동스틸,,048470.KQ,company,1,
신라섬유,신라섬유,,001000.KQ,company,1,
HD현대마린엔진,HD현대마린엔진,,071970.KS,company,1,
노블엠앤비,노블엠앤비,,106520.KQ,company,1,
티엑스알로보틱스,티엑스알로보틱스,,484810.KQ,company,1,
삼성에스디에스,삼성에스디에스,,018260.KS,company,1,
삼성SDI,삼성SDI,,006400.KS,company,1,
남해화학,남해화학,,025860.KS,company,1,
삼양엔씨켐,삼양엔씨켐,,482630.KQ,company,1,
KT지니뮤직,KT지니뮤직,,043610.KQ,company,1,
삼기에너지솔루션즈,삼기에너지솔루션즈,,419050.KQ,company,1,
삼성FN리츠,삼성FN리츠,,448730.KS,company,1,
유진스팩11호,유진스팩11호,,488060.KQ,company,1,
지앤비에스 에코,지앤비에스 에코,,382800.KQ,company,1,
인천도시가스,인천도시가스,,034590.KS,company,1,
비유테크놀러지,비유테크놀러지,,230980.KQ,company,1,
HLB파나진,HLB파나진,,046210.KQ,company,1,
한국가구,한국가구,,004590.KQ,company,1,
리더스코스메틱,리더스코스메틱,,016100.KQ,company,1,
케이피엠테크,케이피엠테크,,042040.KQ,company,1,
원익홀딩스,원익홀딩스,,030530.KQ,company,1,
제이엠아이,제이엠아이,,033050.KQ,company,1,
메디앙스,메디앙스,,014100.KQ,company,1,
크레오에스지,크레오에스지,,040350.KQ,company,1,
아이지넷,아이지넷,,462980.KQ,company,1,
한화플러스제5호스팩,한화플러스제5호스팩,,498390.KQ,company,1,
우양,우양,,103840.KQ,company,1,
차바이오텍,차바이오텍,,085660.KQ,company,1,
에이디테크놀로지,에이디테크놀로지,,200710.KQ,company,1,
일진전기,일진전기,,103590.KS,company,1,
네이처셀,네이처셀,,007390.KQ,company,1,
글로벌텍스프리,글로벌텍스프리,,204620.KQ,company,1,
KISCO홀딩스,KISCO홀딩스,,001940.KS,company,1,
미래에셋생명,미래에셋생명,,085620.KS,company,1,
에코플라스틱,에코플라스틱,,038110.KQ,company,1,
오리콤,오리콤,,010470.KQ,company,1,
종근당홀딩스,종근당홀딩스,,001630.KS,company,1,
KBI메탈,KBI메탈,,024840.KQ,company,1,
코오롱,코오롱,,002020.KS,company,1,
태영건설,태영건설,,009410.KS,company,1,
지엘팜텍,지엘팜텍,,204840.KQ,company,1,
NHN KCP,NHN KCP,,060250.KQ,company,1,
기가레인,기가레인,,049080.KQ,company,1,
파커스,파커스,,065690.KQ,company,1,
아미노로직스,아미노로직스,,074430.KQ,company,1,
에이팩트,에이팩트,,200470.KQ,company,1,
서진시스템,서진시스템,,178320.KQ,company,1,
한익스프레스,한익스프레스,,014130.KS,company,1,
엑스게이트,엑스게이트,,356680.KQ,company,1,
SPC삼립,SPC삼립,,005610.KS,company,1,
팬젠,팬젠,,222110.KQ,company,1,
벡트,벡트,,457600.KQ,company,1,
제이씨현시스템,제이씨현시스템,,033320.KQ,company,1,
MH에탄올,MH에탄올,,023150.KS,company,1,
탑엔지니어링,탑엔지니어링,,065130.KQ,company,1,
삼성카드,삼성카드,,029780.KS,company,1,
와이즈버즈,와이즈버즈,,273060.KQ,company,1,
사조동아원,사조동아원,,008040.KS,company,1,
신영스팩10호,신영스팩10호,,472220.KQ,company,1,
GS리테일,GS리테일,,007070.KS,company,1,
에이치엠씨제7호스팩,에이치엠씨제7호스팩,,477340.KQ,company,1,
지누스,지누스,,013890.KS,company,1,
에이스테크,에이스테크,,088800.KQ,company,1,
한울소재과학,한울소재과학,,091440.KQ,company,1,
고영,고영,,098460.KQ,company,1,
에스에너지,에스에너지,,095910.KQ,company,1,
장원테크,장원테크,,174880.KQ,company,1,
아시아경제,아시아경제,,127710.KQ,company,1,
제너셈,제너셈,,217190.KQ,company,1,
제노레이,제노레이,,122310.KQ,company,1,
알엔투테크놀로지,알엔투테크놀로지,,148250.KQ,company,1,
엔투텍,엔투텍,,227950.KQ,company,1,
피엔에이치테크,피엔에이치테크,,239890.KQ,company,1,
보라티알,보라티알,,250000.KQ,company,1,
와이엠텍,와이엠텍,,273640.KQ,company,1,
알로이스,알로이스,,297570.KQ,company,1,
토탈소프트,토탈소프트,,045340.KQ,company,1,
신스틸,신스틸,,162300.KQ,company,1,
롯데하이마트,롯데하이마트,,071840.KS,company,1,
HS애드,HS애드,,035000.KS,company,1,
동일기연,동일기연,,032960.KQ,company,1,
프레스티지바이오로직스,프레스티지바이오로직스,,334970.KQ,company,1,
온코크로스,온코크로스,,382150.KQ,company,1,
에이텀,에이텀,,355690.KQ,company,1,
오브젠,오브젠,,417860.KQ,company,1,
시큐레터,시큐레터,,418250.KQ,company,1,
LS에코에너지,LS에코에너지,,229640.KS,company,1,
AP시스템,AP시스템,,265520.KQ,company,1,
한국피아이엠,한국피아이엠,,448900.KQ,company,1,
HDC랩스,HDC랩스,,039570.KS,company,1,
삼화네트웍스,삼화네트웍스,,046390.KQ,company,1,
웨이버스,웨이버스,,336060.KQ,company,1,
와이제이링크,와이제이링크,,209640.KQ,company,1,
녹십자웰빙,녹십자웰빙,,234690.KQ,company,1,
포스코스틸리온,포스코스틸리온,,058430.KS,company,1,
포스코퓨처엠,포스코퓨처엠,,003670.KS,company,1,
마니커,마니커,,027740.KS,company,1,
세아홀딩스,세아홀딩스,,058650.KS,company,1,
해성디에스,해성디에스,,195870.KS,company,1,
HS효성첨단소재,HS효성첨단소재,,298050.KS,company,1,
유바이오로직스,유바이오로직스,,206650.KQ,company,1,
이지스레지던스리츠,이지스레지던스리츠,,350520.KS,company,1,
젬백스,젬백스,,082270.KQ,company,1,
SDN,SDN,,099220.KQ,company,1,
와이지엔터테인먼트,와이지엔터테인먼트,,122870.KQ,company,1,
쓰리에이로직스,쓰리에이로직스,,177900.KQ,company,1,
케이씨피드,케이씨피드,,025880.KQ,company,1,
남양유업,남양유업,,003920.KS,company,1,
매일홀딩스,매일홀딩스,,005990.KQ,company,1,
엠오티,엠오티,,413390.KQ,company,1,
파멥신,파멥신,,208340.KQ,company,1,
광진실업,광진실업,,026910.KQ,company,1,
드림텍,드림텍,,192650.KS,company,1,
한중엔시에스,한중엔시에스,,107640.KQ,company,1,
미래에셋비전스팩6호,미래에셋비전스팩6호,,478440.KQ,company,1,
퀄리타스반도체,퀄리타스반도체,,432720.KQ,company,1,
대한제당,대한제당,,001790.KS,company,1,
한탑,한탑,,002680.KQ,company,1,
대한제분,대한제분,,001130.KS,company,1,
한일사료,한일사료,,005860.KQ,company,1,
대상,대상,,001680.KS,company,1,
팜스토리,팜스토리,,027710.KQ,company,1,
삼양식품,삼양식품,,003230.KS,company,1,
모아텍,모아텍,,033200.KQ,company,1,
이지홀딩스,이지홀딩스,,035810.KQ,company,1,
서울식품공업,서울식품공업,,004410.KS,company,1,
드림어스컴퍼니,드림어스컴퍼니,,060570.KQ,company,1,
iMBC,iMBC,,052220.KQ,company,1,
우성,우성,,006980.KS,company,1,
스톰테크,스톰테크,,352090.KQ,company,1,
한국공항,한국공항,,005430.KS,company,1,
한국쉘석유,한국쉘석유,,002960.KS,company,1,
에이비프로바이오,에이비프로바이오,,195990.KQ,company,1,
쇼박스,쇼박스,,086980.KQ,company,1,
야스,야스,,255440.KQ,company,1,
씨아이테크,씨아이테크,,004920.KS,company,1,
와이투솔루션,와이투솔루션,,011690.KS,company,1,
서호전기,서호전기,,065710.KQ,company,1,
코스나인,코스나인,,082660.KQ,company,1,
우주일렉트로,우주일렉트로,,065680.KQ,company,1,
기업은행,기업은행,,024110.KS,company,1,
한국전자인증,한국전자인증,,041460.KQ,company,1,
신한글로벌액티브리츠,신한글로벌액티브리츠,,481850.KS,company,1,
민테크,민테크,,452200.KQ,company,1,
디지캡,디지캡,,197140.KQ,company,1,
삼익THK,삼익THK,,004380.KS,company,1,
TS트릴리온,TS트릴리온,,317240.KQ,company,1,
스마트레이더시스템,스마트레이더시스템,,424960.KQ,company,1,
위너스,위너스,,479960.KQ,company,1,
MDS테크,MDS테크,,086960.KQ,company,1,
테크엘,테크엘,,064520.KQ,company,1,
슈피겐코리아,슈피겐코리아,,192440.KQ,company,1,
광림,광림,,014200.KQ,company,1,
아모텍,아모텍,,052710.KQ,company,1,
강스템바이오텍,강스템바이오텍,,217730.KQ,company,1,
모트렉스,모트렉스,,118990.KQ,company,1,
캐리,캐리,,313760.KQ,company,1,
SKC,SKC,,011790.KS,company,1,
태성,태성,,323280.KQ,company,1,
비에이치아이,비에이치아이,,083650.KQ,company,1,
드림인사이트,드림인사이트,,362990.KQ,company,1,
미래에셋비전스팩7호,미래에셋비전스팩7호,,482680.KQ,company,1,
비비씨,비비씨,,318410.KQ,company,1,
진영,진영,,285800.KQ,company,1,
조흥,조흥,,002600.KS,company,1,
쎄트렉아이,쎄트렉아이,,099320.KQ,company,1,
아미코젠,아미코젠,,092040.KQ,company,1,
에스앤디,에스앤디,,260970.KQ,company,1,
해태제과식품,해태제과식품,,101530.KS,company,1,
조이시티,조이시티,,067000.KQ,company,1,
인피니트헬스케어,인피니트헬스케어,,071200.KQ,company,1,
대교,대교,,019680.KS,company,1,
이랜텍,이랜텍,,054210.KQ,company,1,
와이랩,와이랩,,432430.KQ,company,1,
스튜디오드래곤,스튜디오드래곤,,253450.KQ,company,1,
디아이티,디아이티,,110990.KQ,company,1,
유비벨록스,유비벨록스,,089850.KQ,company,1,
동아쏘시오홀딩스,동아쏘시오홀딩스,,000640.KS,company,1,
리튬포어스,리튬포어스,,073570.KQ,company,1,
동아에스티,동아에스티,,170900.KS,company,1,
DGI,DGI,,099520.KQ,company,1,
씨피시스템,씨피시스템,,413630.KQ,company,1,
미래반도체,미래반도체,,254490.KQ,company,1,
하이젠알앤엠,하이젠알앤엠,,160190.KQ,company,1,
한국맥널티,한국맥널티,,222980.KQ,company,1,
CJ제일제당,CJ제일제당,,097950.KS,company,1,
선진,선진,,136490.KS,company,1,
노바렉스,노바렉스,,194700.KQ,company,1,
삼양사,삼양사,,145990.KS,company,1,
팜스빌,팜스빌,,318010.KQ,company,1,
샘표식품,샘표식품,,248170.KS,company,1,
크라운제과,크라운제과,,264900.KS,company,1,
에이치피오,에이치피오,,357230.KQ,company,1,
오리온,오리온,,271560.KS,company,1,
미래생명자원,미래생명자원,,218150.KQ,company,1,
롯데웰푸드,롯데웰푸드,,280360.KS,company,1,
뉴트리,뉴트리,,270870.KQ,company,1,
온코닉테라퓨틱스,온코닉테라퓨틱스,,476060.KQ,company,1,
KBG,KBG,,318000.KQ,company,1,
경동나비엔,경동나비엔,,009450.KS,company,1,
남화토건,남화토건,,091590.KQ,company,1,
남광토건,남광토건,,001260.KS,company,1,
스페코,스페코,,013810.KQ,company,1,
에스엠코어,에스엠코어,,007820.KQ,company,1,
대창,대창,,012800.KS,company,1,
한국알콜,한국알콜,,017890.KQ,company,1,
동원산업,동원산업,,006040.KS,company,1,
유진기업,유진기업,,023410.KQ,company,1,
아이즈비전,아이즈비전,,031310.KQ,company,1,
보해양조,보해양조,,000890.KS,company,1,
에스엘,에스엘,,005850.KS,company,1,
대아티아이,대아티아이,,045390.KQ,company,1,
SK디스커버리,SK디스커버리,,006120.KS,company,1,
코데즈컴바인,코데즈컴바인,,047770.KQ,company,1,
한성크린텍,한성크린텍,,066980.KQ,company,1,
동원시스템즈,동원시스템즈,,014820.KS,company,1,
한라IMS,한라IMS,,092460.KQ,company,1,
유화증권,유화증권,,003460.KS,company,1,
KB제30호스팩,KB제30호스팩,,486630.KQ,company,1,
소룩스,소룩스,,290690.KQ,company,1,
제이엔케이글로벌,제이엔케이글로벌,,126880.KQ,company,1,
인산가,인산가,,277410.KQ,company,1,
위지윅스튜디오,위지윅스튜디오,,299900.KQ,company,1,
휴럼,휴럼,,353190.KQ,company,1,
이지바이오,이지바이오,,353810.KQ,company,1,
오에스피,오에스피,,368970.KQ,company,1,
경동제약,경동제약,,011040.KQ,company,1,
고려제약,고려제약,,014570.KQ,company,1,
국제약품,국제약품,,002720.KS,company,1,
대한약품,대한약품,,023910.KQ,company,1,
동구바이오제약,동구바이오제약,,006620.KQ,company,1,
동국제약,동국제약,,086450.KQ,company,1,
원익피앤이,원익피앤이,,217820.KQ,company,1,
GST,GST,,083450.KQ,company,1,
일성건설,일성건설,,013360.KS,company,1,
이엠텍,이엠텍,,091120.KQ,company,1,
OCI홀딩스,OCI홀딩스,,010060.KS,company,1,
제넥신,제넥신,,095700.KQ,company,1,
휴스틸,휴스틸,,005010.KS,company,1,
휴메딕스,휴메딕스,,200670.KQ,company,1,
코스맥스엔비티,코스맥스엔비티,,222040.KQ,company,1,
한국앤컴퍼니,한국앤컴퍼니,,000240.KS,company,1,
삼기,삼기,,122350.KQ,company,1,
코스모화학,코스모화학,,005420.KS,company,1,
씨이랩,씨이랩,,189330.KQ,company,1,
한창제지,한창제지,,009460.KS,company,1,
코아시아씨엠,코아시아씨엠,,196450.KQ,company,1,
HDC,HDC,,012630.KS,company,1,
강동씨앤엘,강동씨앤엘,,198440.KQ,company,1,
HMM,HMM,,011200.KS,company,1,
기신정기,기신정기,,092440.KS,company,1,
진도,진도,,088790.KS,company,1,
하스,하스,,450330.KQ,company,1,
폴라리스AI,폴라리스AI,,039980.KQ,company,1,
SCL사이언스,SCL사이언스,,246960.KQ,company,1,
백산,백산,,035150.KS,company,1,
한솔로지스틱스,한솔로지스틱스,,009180.KS,company,1,
안국약품,안국약품,,001540.KQ,company,1,
영흥,영흥,,012160.KS,company,1,
오션인더블유,오션인더블유,,052300.KQ,company,1,
한컴라이프케어,한컴라이프케어,,372910.KS,company,1,
한솔제지,한솔제지,,213500.KS,company,1,
케어랩스,케어랩스,,263700.KQ,company,1,
수산아이앤티,수산아이앤티,,050960.KQ,company,1,
부광약품,부광약품,,003000.KS,company,1,
삼성제약,삼성제약,,001360.KS,company,1,
삼아제약,삼아제약,,009300.KQ,company,1,
삼천당제약,삼천당제약,,000250.KQ,company,1,
녹십자,녹십자,,006280.KS,company,1,
서울제약,서울제약,,018680.KQ,company,1,
팜젠사이언스,팜젠사이언스,,004720.KS,company,1,
신신제약,신신제약,,002800.KQ,company,1,
신일제약,신일제약,,012790.KQ,company,1,
영진약품,영진약품,,003520.KS,company,1,
유유제약,유유제약,,000220.KS,company,1,
일동홀딩스,일동홀딩스,,000230.KS,company,1,
JW중외제약,JW중외제약,,001060.KS,company,1,
유나이티드,유나이티드,,033270.KS,company,1,
한독,한독,,002390.KS,company,1,
대양금속,대양금속,,009190.KS,company,1,
씨유메디칼,씨유메디칼,,115480.KQ,company,1,
드림시큐리티,드림시큐리티,,203650.KQ,company,1,
넥센,넥센,,005720.KS,company,1,
넥센타이어,넥센타이어,,002350.KS,company,1,
선샤인푸드,선샤인푸드,,217620.KQ,company,1,
동아지질,동아지질,,028100.KS,company,1,
본느,본느,,226340.KQ,company,1,
한국토지신탁,한국토지신탁,,034830.KS,company,1,
코오롱ENP,코오롱ENP,,138490.KS,company,1,
형지글로벌,형지글로벌,,308100.KQ,company,1,
HDC현대EP,HDC현대EP,,089470.KS,company,1,
HLB바이오스텝,HLB바이오스텝,,278650.KQ,company,1,
AJ네트웍스,AJ네트웍스,,095570.KS,company,1,
에브리봇,에브리봇,,270660.KQ,company,1,
LX하우시스,LX하우시스,,108670.KS,company,1,
코윈테크,코윈테크,,282880.KQ,company,1,
코오롱인더,코오롱인더,,120110.KS,company,1,
에스디바이오센서,에스디바이오센서,,137310.KS,company,1,
한솔테크닉스,한솔테크닉스,,004710.KS,company,1,
코디,코디,,080530.KQ,company,1,
퓨처코어,퓨처코어,,151910.KQ,company,1,
에스바이오메딕스,에스바이오메딕스,,304360.KQ,company,1,
닷밀,닷밀,,464580.KQ,company,1,
한올바이오파마,한올바이오파마,,009420.KS,company,1,
현대약품,현대약품,,004310.KS,company,1,
환인제약,환인제약,,016580.KS,company,1,
한국파마,한국파마,,032300.KQ,company,1,
대화제약,대화제약,,067080.KQ,company,1,
바이넥스,바이넥스,,053030.KQ,company,1,
조아제약,조아제약,,034940.KQ,company,1,
비씨월드제약,비씨월드제약,,200780.KQ,company,1,
셀트리온제약,셀트리온제약,,068760.KQ,company,1,
위더스제약,위더스제약,,330350.KQ,company,1,
한미약품,한미약품,,128940.KS,company,1,
헬릭스미스,헬릭스미스,,084990.KQ,company,1,
알체라,알체라,,347860.KQ,company,1,
세원이앤씨,세원이앤씨,,091090.KS,company,1,
세토피아,세토피아,,222810.KQ,company,1,
한국타이어앤테크놀로지,한국타이어앤테크놀로지,,161390.KS,company,1,
코오롱티슈진,코오롱티슈진,,950160.KQ,company,1,
현대코퍼레이션홀딩스,현대코퍼레이션홀딩스,,227840.KS,company,1,
리메드,리메드,,302550.KQ,company,1,
HDC현대산업개발,HDC현대산업개발,,294870.KS,company,1,
코오롱모빌리티그룹,코오롱모빌리티그룹,,450140.KS,company,1,
월덱스,월덱스,,101160.KQ,company,1,
대원강업,대원강업,,000430.KS,company,1,
에쓰씨엔지니어링,에쓰씨엔지니어링,,023960.KS,company,1,
알에프세미,알에프세미,,096610.KQ,company,1,
피엔케이피부임상연구센타,피엔케이피부임상연구센타,,347740.KQ,company,1,
코칩,코칩,,126730.KQ,company,1,
SK증권제12호스팩,SK증권제12호스팩,,473000.KQ,company,1,
코아스템켐온,코아스템켐온,,166480.KQ,company,1,
종근당,종근당,,185750.KS,company,1,
HK이노엔,HK이노엔,,195940.KQ,company,1,
일동제약,일동제약,,249420.KS,company,1,
제주은행,제주은행,,006220.KS,company,1,
빌리언스,빌리언스,,044480.KQ,company,1,
아이에스동서,아이에스동서,,010780.KS,company,1,
경창산업,경창산업,,024910.KQ,company,1,
TCC스틸,TCC스틸,,002710.KS,company,1,
대동기어,대동기어,,008830.KQ,company,1,
키다리스튜디오,키다리스튜디오,,020120.KS,company,1,
포스코엠텍,포스코엠텍,,009520.KQ,company,1,
서울반도체,서울반도체,,046890.KQ,company,1,
코스맥스비티아이,코스맥스비티아이,,044820.KS,company,1,
태광,태광,,023160.KQ,company,1,
씨티알모빌리티,씨티알모빌리티,,308170.KS,company,1,
SBI인베스트먼트,SBI인베스트먼트,,019550.KQ,company,1,
KEC,KEC,,092220.KS,company,1,
코스맥스,코스맥스,,192820.KS,company,1,
오텍,오텍,,067170.KQ,company,1,
두산퓨얼셀,두산퓨얼셀,,336260.KS,company,1,
서울바이오시스,서울바이오시스,,092190.KQ,company,1,
폴라리스AI파마,폴라리스AI파마,,041910.KQ,company,1,
유안타제11호스팩,유안타제11호스팩,,444920.KQ,company,1,
유안타제12호스팩,유안타제12호스팩,,446150.KQ,company,1,
유안타제14호스팩,유안타제14호스팩,,450940.KQ,company,1,
지오엘리먼트,지오엘리먼트,,311320.KQ,company,1,
한화갤러리아,한화갤러리아,,452260.KS,company,1,
애경케미칼,애경케미칼,,161000.KS,company,1,
테라젠이텍스,테라젠이텍스,,066700.KQ,company,1,
모비스,모비스,,250060.KQ,company,1,
대한광통신,대한광통신,,010170.KQ,company,1,
이건홀딩스,이건홀딩스,,039020.KQ,company,1,
인크레더블버즈,인크레더블버즈,,064090.KQ,company,1,
형지I&C,형지I&C,,011080.KQ,company,1,
제룡산업,제룡산업,,147830.KQ,company,1,
신한제11호스팩,신한제11호스팩,,452980.KQ,company,1,
신한제13호스팩,신한제13호스팩,,474930.KQ,company,1,
신한제12호스팩,신한제12호스팩,,474660.KQ,company,1,
솔루스첨단소재,솔루스첨단소재,,336370.KS,company,1,
깨끗한나라,깨끗한나라,,004540.KS,company,1,
KD,KD,,044180.KQ,company,1,
동원개발,동원개발,,013120.KQ,company,1,
태경비케이,태경비케이,,014580.KS,company,1,
티앤알바이오팹,티앤알바이오팹,,246710.KQ,company,1,
성일하이텍,성일하이텍,,365340.KQ,company,1,
엑스큐어,엑스큐어,,070300.KQ,company,1,
일양약품,일양약품,,007570.KS,company,1,
한신기계공업,한신기계공업,,011700.KS,company,1,
케이쓰리아이,케이쓰리아이,,431190.KQ,company,1,
셀트리온,셀트리온,,068270.KS,company,1,
세우글로벌,세우글로벌,,013000.KS,company,1,
엠에스씨,엠에스씨,,009780.KQ,company,1,
바른손,바른손,,018700.KQ,company,1,
삼양홀딩스,삼양홀딩스,,000070.KS,company,1,
서원,서원,,021050.KS,company,1,
서울전자통신,서울전자통신,,027040.KQ,company,1,
영풍,영풍,,000670.KS,company,1,
시그네틱스,시그네틱스,,033170.KQ,company,1,
좋은사람들,좋은사람들,,033340.KQ,company,1,
한국석유공업,한국석유공업,,004090.KS,company,1,
한진중공업홀딩스,한진중공업홀딩스,,003480.KS,company,1,
바른손이앤에이,바른손이앤에이,,035620.KQ,company,1,
파라다이스,파라다이스,,034230.KS,company,1,
삼현,삼현,,437730.KQ,company,1,
HS화성,HS화성,,002460.KS,company,1,
베뉴지,베뉴지,,019010.KQ,company,1,
콘텐트리중앙,콘텐트리중앙,,036420.KS,company,1,
데브시스터즈,데브시스터즈,,194480.KQ,company,1,
HLB,HLB,,028300.KQ,company,1,
오스템,오스템,,031510.KQ,company,1,
국보디자인,국보디자인,,066620.KQ,company,1,
한국경제TV,한국경제TV,,039340.KQ,company,1,
삼아알미늄,삼아알미늄,,006110.KS,company,1,
아남전자,아남전자,,008700.KS,company,1,
제이씨케미칼,제이씨케미칼,,137950.KQ,company,1,
KPX케미칼,KPX케미칼,,025000.KS,company,1,
씨젠,씨젠,,096530.KQ,company,1,
제이투케이바이오,제이투케이바이오,,420570.KQ,company,1,
삼성증권,삼성증권,,016360.KS,company,1,
LG이노텍,LG이노텍,,011070.KS,company,1,
삼성생명,삼성생명,,032830.KS,company,1,
엔텔스,엔텔스,,069410.KQ,company,1,
삼성중공업,삼성중공업,,010140.KS,company,1,
한솔인티큐브,한솔인티큐브,,070590.KQ,company,1,
신세계,신세계,,004170.KS,company,1,
현대차증권,현대차증권,,001500.KS,company,1,
에스원,에스원,,012750.KS,company,1,
화천기공,화천기공,,000850.KS,company,1,
일진다이아,일진다이아,,081000.KS,company,1,
에어레인,에어레인,,163280.KQ,company,1,
유아이디,유아이디,,069330.KQ,company,1,
나무가,나무가,,190510.KQ,company,1,
키움증권,키움증권,,039490.KS,company,1,
씨앤씨인터내셔널,씨앤씨인터내셔널,,352480.KQ,company,1,
비피도,비피도,,238200.KQ,company,1,
동방메디컬,동방메디컬,,240550.KQ,company,1,
유니슨,유니슨,,018000.KQ,company,1,
제일일렉트릭,제일일렉트릭,,199820.KQ,company,1,
신한서부티엔디리츠,신한서부티엔디리츠,,404990.KS,company,1,
가비아,가비아,,079940.KQ,company,1,
고려제강,고려제강,,002240.KS,company,1,
흥국화재,흥국화재,,000540.KS,company,1,
KCC건설,KCC건설,,021320.KQ,company,1,
대성창투,대성창투,,027830.KQ,company,1,
대현,대현,,016090.KS,company,1,
LX세미콘,LX세미콘,,108320.KS,company,1,
자화전자,자화전자,,033240.KS,company,1,
코웰패션,코웰패션,,033290.KQ,company,1,
라이온켐텍,라이온켐텍,,171120.KQ,company,1,
코아스,코아스,,071950.KS,company,1,
시지메드텍,시지메드텍,,056090.KQ,company,1,
티에스이,티에스이,,131290.KQ,company,1,
텔코웨어,텔코웨어,,078000.KS,company,1,
KTcs,KTcs,,058850.KS,company,1,
SOOP,SOOP,,067160.KQ,company,1,
웅진씽크빅,웅진씽크빅,,095720.KS,company,1,
CG인바이츠,CG인바이츠,,083790.KQ,company,1,
엘브이엠씨,엘브이엠씨,,900140.KS,company,1,
시디즈,시디즈,,134790.KS,company,1,
성창오토텍,성창오토텍,,080470.KQ,company,1,
씨케이솔루션,씨케이솔루션,,480370.KS,company,1,
이녹스,이녹스,,088390.KQ,company,1,
티와이홀딩스,티와이홀딩스,,363280.KS,company,1,
에스와이,에스와이,,109610.KQ,company,1,
유니테스트,유니테스트,,086390.KQ,company,1,
코셈,코셈,,360350.KQ,company,1,
셀로맥스사이언스,셀로맥스사이언스,,471820.KQ,company,1,
광동제약,광동제약,,009290.KS,company,1,
효성,효성,,004800.KS,company,1,
유안타증권,유안타증권,,003470.KS,company,1,
한국선재,한국선재,,025550.KQ,company,1,
동원수산,동원수산,,030720.KS,company,1,
에너토크,에너토크,,019990.KQ,company,1,
코콤,코콤,,015710.KQ,company,1,
선도전기,선도전기,,007610.KS,company,1,
일신석재,일신석재,,007110.KS,company,1,
한국주철관공업,한국주철관공업,,000970.KS,company,1,
한신공영,한신공영,,004960.KS,company,1,
케이엘넷,케이엘넷,,039420.KQ,company,1,
이스트에이드,이스트에이드,,239340.KQ,company,1,
상신브레이크,상신브레이크,,041650.KS,company,1,
신풍,신풍,,002870.KS,company,1,
툴젠,툴젠,,199800.KQ,company,1,
ISC,ISC,,095340.KQ,company,1,
에스코넥,에스코넥,,096630.KQ,company,1,
아이윈플러스,아이윈플러스,,123010.KQ,company,1,
KX,KX,,122450.KQ,company,1,
디티앤씨,디티앤씨,,187220.KQ,company,1,
앤디포스,앤디포스,,238090.KQ,company,1,
아이스크림에듀,아이스크림에듀,,289010.KQ,company,1,
와이씨,와이씨,,232140.KQ,company,1,
모비릭스,모비릭스,,348030.KQ,company,1,
엠에프씨,엠에프씨,,432980.KQ,company,1,
이녹스첨단소재,이녹스첨단소재,,272290.KQ,company,1,
솔트웨어,솔트웨어,,328380.KQ,company,1,
한국팩키지,한국팩키지,,037230.KQ,company,1,
더라미,더라미,,032860.KQ,company,1,
SM Life Design,SM Life Design,,063440.KQ,company,1,
현대비앤지스틸,현대비앤지스틸,,004560.KS,company,1,
현대이지웰,현대이지웰,,090850.KQ,company,1,
서울도시가스,서울도시가스,,017390.KS,company,1,
포스코DX,포스코DX,,022100.KS,company,1,
퓨릿,퓨릿,,445180.KQ,company,1,
HD한국조선해양,HD한국조선해양,,009540.KS,company,1,
와이어블,와이어블,,065530.KQ,company,1,
새론오토모티브,새론오토모티브,,075180.KS,company,1,
아시아나IDT,아시아나IDT,,267850.KS,company,1,
한국정보공학,한국정보공학,,039740.KQ,company,1,
비상교육,비상교육,,100220.KS,company,1,
누리플렉스,누리플렉스,,040160.KQ,company,1,
HJ중공업,HJ중공업,,097230.KS,company,1,
시너지이노베이션,시너지이노베이션,,048870.KQ,company,1,
BGF리테일,BGF리테일,,282330.KS,company,1,
BGF,BGF,,027410.KS,company,1,
한국비엔씨,한국비엔씨,,256840.KQ,company,1,
한미사이언스,한미사이언스,,008930.KS,company,1,
넥써쓰,넥써쓰,,205500.KQ,company,1,
빅텍,빅텍,,065450.KQ,company,1,
동화약품,동화약품,,000020.KS,company,1,
인지디스플레,인지디스플레,,037330.KQ,company,1,
아이티켐,아이티켐,,309710.KQ,company,1,
현대위아,현대위아,,011210.KS,company,1,
엔케이,엔케이,,085310.KS,company,1,
싸이맥스,싸이맥스,,160980.KQ,company,1,
인지컨트롤스,인지컨트롤스,,023800.KS,company,1,
오아,오아,,342870.KQ,company,1,
티비씨,티비씨,,033830.KQ,company,1,
HC홈센타,HC홈센타,,060560.KQ,company,1,
HC보광산업,HC보광산업,,225530.KQ,company,1,
소노스퀘어,소노스퀘어,,007720.KQ,company,1,
삼부토건,삼부토건,,001470.KS,company,1,
비츠로시스,비츠로시스,,054220.KQ,company,1,
티에스넥스젠,티에스넥스젠,,043220.KQ,company,1,
인선이엔티,인선이엔티,,060150.KQ,company,1,
제이에스링크,제이에스링크,,127120.KQ,company,1,
탑런토탈솔루션,탑런토탈솔루션,,336680.KQ,company,1,
에이치와이티씨,에이치와이티씨,,148930.KQ,company,1,
디와이디,디와이디,,219550.KQ,company,1,
알피바이오,알피바이오,,314140.KQ,company,1,
엔젠바이오,엔젠바이오,,354200.KQ,company,1,
피앤에스로보틱스,피앤에스로보틱스,,460940.KQ,company,1,
수성웹툰,수성웹툰,,084180.KQ,company,1,
LK삼양,LK삼양,,225190.KQ,company,1,
롤링스톤,롤링스톤,,214610.KQ,company,1,
아이에이,아이에이,,038880.KQ,company,1,
한라캐스트,한라캐스트,,125490.KQ,company,1,
한국제지,한국제지,,027970.KS,company,1,
사조오양,사조오양,,006090.KS,company,1,
THE CUBE&,THE CUBE&,,013720.KQ,company,1,
이니텍,이니텍,,053350.KQ,company,1,
마이크로디지탈,마이크로디지탈,,305090.KQ,company,1,
티케이지애강,티케이지애강,,022220.KQ,company,1,
한화비전,한화비전,,489790.KS,company,1,
티케이케미칼,티케이케미칼,,104480.KQ,company,1,
아이엘,아이엘,,307180.KQ,company,1,
대한조선,대한조선,,439260.KS,company,1,
제닉스로보틱스,제닉스로보틱스,,381620.KQ,company,1,
청담글로벌,청담글로벌,,362320.KQ,company,1,
디와이덕양,디와이덕양,,024900.KS,company,1,
링네트,링네트,,042500.KQ,company,1,
케어젠,케어젠,,214370.KQ,company,1,
HLB제약,HLB제약,,047920.KQ,company,1,
SK이노베이션,SK이노베이션,,096770.KS,company,1,
대한화섬,대한화섬,,003830.KS,company,1,
엠투엔,엠투엔,,033310.KQ,company,1,
더코디,더코디,,224060.KQ,company,1,
넥사다이내믹스,넥사다이내믹스,,351320.KQ,company,1,
사조산업,사조산업,,007160.KS,company,1,
DH오토넥스,DH오토넥스,,000300.KS,company,1,
심텍홀딩스,심텍홀딩스,,036710.KQ,company,1,
태광산업,태광산업,,003240.KS,company,1,
농우바이오,농우바이오,,054050.KQ,company,1,
오상헬스케어,오상헬스케어,,036220.KQ,company,1,
SG&G,SG&G,,040610.KQ,company,1,
세종텔레콤,세종텔레콤,,036630.KQ,company,1,
피노,피노,,033790.KQ,company,1,
아이톡시,아이톡시,,052770.KQ,company,1,
KG에코솔루션,KG에코솔루션,,151860.KQ,company,1,
스타코링크,스타코링크,,060240.KQ,company,1,
아이엠비디엑스,아이엠비디엑스,,461030.KQ,company,1,
나우로보틱스,나우로보틱스,,459510.KQ,company,1,
코리아나,코리아나,,027050.KQ,company,1,
핸디소프트,핸디소프트,,220180.KQ,company,1,
삼영에스앤씨,삼영에스앤씨,,361670.KQ,company,1,
디이엔티,디이엔티,,079810.KQ,company,1,
티플랙스,티플랙스,,081150.KQ,company,1,
AP위성,AP위성,,211270.KQ,company,1,
씨앤투스,씨앤투스,,352700.KQ,company,1,
위니아에이드,위니아에이드,,377460.KQ,company,1,
쿠콘,쿠콘,,294570.KQ,company,1,
보로노이,보로노이,,310210.KQ,company,1,
에스피소프트,에스피소프트,,443670.KQ,company,1,
쓰리빌리언,쓰리빌리언,,394800.KQ,company,1,
폰드그룹,폰드그룹,,472850.KQ,company,1,
세아제강,세아제강,,306200.KS,company,1,
산일전기,산일전기,,062040.KS,company,1,
그래디언트,그래디언트,,035080.KQ,company,1,
PS일렉트로닉스,PS일렉트로닉스,,332570.KQ,company,1,
토마토시스템,토마토시스템,,393210.KQ,company,1,
파인메딕스,파인메딕스,,387570.KQ,company,1,
블리츠웨이엔터테인먼트,블리츠웨이엔터테인먼트,,369370.KQ,company,1,
한켐,한켐,,457370.KQ,company,1,
제로투세븐,제로투세븐,,159580.KQ,company,1,
우리엔터프라이즈,우리엔터프라이즈,,037400.KQ,company,1,
셀피글로벌,셀피글로벌,,068940.KQ,company,1,
버넥트,버넥트,,438700.KQ,company,1,
잇츠한불,잇츠한불,,226320.KS,company,1,
노루페인트,노루페인트,,090350.KS,company,1,
넷마블,넷마블,,251270.KS,company,1,
우리이앤엘,우리이앤엘,,153490.KQ,company,1,
아이퀘스트,아이퀘스트,,262840.KQ,company,1,
GS글로벌,GS글로벌,,001250.KS,company,1,
솔디펜스,솔디펜스,,215090.KQ,company,1,
디티씨,디티씨,,066670.KQ,company,1,
제이엘케이,제이엘케이,,322510.KQ,company,1,
플레이디,플레이디,,237820.KQ,company,1,
마녀공장,마녀공장,,439090.KQ,company,1,
사토시홀딩스,사토시홀딩스,,223310.KQ,company,1,
제일기획,제일기획,,030000.KS,company,1,
KR모터스,KR모터스,,000040.KS,company,1,
모나용평,모나용평,,070960.KS,company,1,
우수AMS,우수AMS,,066590.KQ,company,1,
성우,성우,,458650.KQ,company,1,
KS인더스트리,KS인더스트리,,101000.KQ,company,1,
차백신연구소,차백신연구소,,261780.KQ,company,1,
스피어,스피어,,347700.KQ,company,1,
인디에프,인디에프,,014990.KS,company,1,
바이오포트,바이오포트,,188040.KQ,company,1,
도우인시스,도우인시스,,484120.KQ,company,1,
배럴,배럴,,267790.KQ,company,1,
한화솔루션,한화솔루션,,009830.KS,company,1,
윙스풋,윙스풋,,335870.KQ,company,1,
뉴로핏,뉴로핏,,380550.KQ,company,1,
대성파인텍,대성파인텍,,104040.KQ,company,1,
키스트론,키스트론,,475430.KQ,company,1,
유니크,유니크,,011320.KQ,company,1,
서희건설,서희건설,,035890.KQ,company,1,
달바글로벌,달바글로벌,,483650.KS,company,1,
이엘씨,이엘씨,,041520.KQ,company,1,
우정바이오,우정바이오,,215380.KQ,company,1,
이지트로닉스,이지트로닉스,,377330.KQ,company,1,
E8,E8,,418620.KQ,company,1,
오하임앤컴퍼니,오하임앤컴퍼니,,309930.KQ,company,1,
엔알비,엔알비,,475230.KQ,company,1,
YTN,YTN,,040300.KQ,company,1,
티씨머티리얼즈,티씨머티리얼즈,,125020.KQ,company,1,
프로티나,프로티나,,468530.KQ,company,1,
플래티어,플래티어,,367000.KQ,company,1,
대호에이엘,대호에이엘,,069460.KS,company,1,
세방전지,세방전지,,004490.KS,company,1,
휴엠앤씨,휴엠앤씨,,263920.KQ,company,1,
대덕,대덕,,008060.KS,company,1,
엔젯,엔젯,,419080.KQ,company,1,
이렘,이렘,,009730.KQ,company,1,
앱토크롬,앱토크롬,,109960.KQ,company,1,
위메이드플레이,위메이드플레이,,123420.KQ,company,1,
휴젤,휴젤,,145020.KQ,company,1,
대한전선,대한전선,,001440.KS,company,1,
더테크놀로지,더테크놀로지,,043090.KQ,company,1,
일진디스플,일진디스플,,020760.KS,company,1,
에코글로우,에코글로우,,159910.KQ,company,1,
킵스파마,킵스파마,,256940.KQ,company,1,
셀레스트라,셀레스트라,,352770.KQ,company,1,
나래나노텍,나래나노텍,,137080.KQ,company,1,
다보링크,다보링크,,340360.KQ,company,1,
아우토크립트,아우토크립트,,331740.KQ,company,1,
아이마켓코리아,아이마켓코리아,,122900.KS,company,1,
이노룰스,이노룰스,,296640.KQ,company,1,
알파칩스,알파칩스,,117670.KQ,company,1,
아이티센글로벌,아이티센글로벌,,124500.KQ,company,1,
컴투스홀딩스,컴투스홀딩스,,063080.KQ,company,1,
제닉,제닉,,123330.KQ,company,1,
인트로메딕,인트로메딕,,150840.KQ,company,1,
EG,EG,,037370.KQ,company,1,
삼일씨엔에스,삼일씨엔에스,,004440.KS,company,1,
뉴온,뉴온,,123840.KQ,company,1,
나노실리칸첨단소재,나노실리칸첨단소재,,286750.KQ,company,1,
다산솔루에타,다산솔루에타,,154040.KQ,company,1,
JTC,JTC,,950170.KQ,company,1,
한화에어로스페이스,한화에어로스페이스,,012450.KS,company,1,
남선알미늄,남선알미늄,,008350.KS,company,1,
율호,율호,,072770.KQ,company,1,
KBI동양철관,KBI동양철관,,008970.KS,company,1,
참엔지니어링,참엔지니어링,,009310.KS,company,1,
DB증권,DB증권,,016610.KS,company,1,
KG모빌리티,KG모빌리티,,003620.KS,company,1,
우듬지팜,우듬지팜,,403490.KQ,company,1,
포바이포,포바이포,,389140.KQ,company,1,
센서뷰,센서뷰,,321370.KQ,company,1,
케이티앤지,케이티앤지,,033780.KS,company,1,
큐렉소,큐렉소,,060280.KQ,company,1,
LG디스플레이,LG디스플레이,,034220.KS,company,1,
신원종합개발,신원종합개발,,017000.KQ,company,1,
동양생명,동양생명,,082640.KS,company,1,
빛과전자,빛과전자,,069540.KQ,company,1,
한국항공우주,한국항공우주,,047810.KS,company,1,
이엠코리아,이엠코리아,,095190.KQ,company,1,
네오오토,네오오토,,212560.KQ,company,1,
수산세보틱스,수산세보틱스,,017550.KS,company,1,
퀀텀온,퀀텀온,,227100.KQ,company,1,
토모큐브,토모큐브,,475960.KQ,company,1,
신한제16호스팩,신한제16호스팩,,496070.KQ,company,1,
핸즈코퍼레이션,핸즈코퍼레이션,,143210.KS,company,1,
힘스,힘스,,238490.KQ,company,1,
엑스플러스,엑스플러스,,373200.KQ,company,1,
캐프,캐프,,198080.KQ,company,1,
윤성에프앤씨,윤성에프앤씨,,372170.KQ,company,1,
티움바이오,티움바이오,,321550.KQ,company,1,
토니모리,토니모리,,214420.KS,company,1,
DSR제강,DSR제강,,069730.KS,company,1,
메이슨캐피탈,메이슨캐피탈,,021880.KQ,company,1,
3S,3S,,060310.KQ,company,1,
신성에스티,신성에스티,,416180.KQ,company,1,
오리엔트바이오,오리엔트바이오,,002630.KS,company,1,
뉴엔AI,뉴엔AI,,463020.KQ,company,1,
이브이첨단소재,이브이첨단소재,,131400.KQ,company,1,
그래피,그래피,,318060.KQ,company,1,
텔콘RF제약,텔콘RF제약,,200230.KQ,company,1,
롯데쇼핑,롯데쇼핑,,023530.KS,company,1,
모나리자,모나리자,,012690.KS,company,1,
SK아이이테크놀로지,SK아이이테크놀로지,,361610.KS,company,1,
다산네트웍스,다산네트웍스,,039560.KQ,company,1,
싸이닉솔루션,싸이닉솔루션,,234030.KQ,company,1,
티웨이홀딩스,티웨이홀딩스,,004870.KS,company,1,
뉴키즈온,뉴키즈온,,462310.KQ,company,1,
KT나스미디어,KT나스미디어,,089600.KQ,company,1,
빙그레,빙그레,,005180.KS,company,1,
인스피언,인스피언,,465480.KQ,company,1,
신영증권,신영증권,,001720.KS,company,1,
플라즈맵,플라즈맵,,405000.KQ,company,1,
에스넷,에스넷,,038680.KQ,company,1,
심플랫폼,심플랫폼,,444530.KQ,company,1,
네오펙트,네오펙트,,290660.KQ,company,1,
지투지바이오,지투지바이오,,456160.KQ,company,1,
솔브레인,솔브레인,,357780.KQ,company,1,
레이저쎌,레이저쎌,,412350.KQ,company,1,
미스토홀딩스,미스토홀딩스,,081660.KS,company,1,
대창솔루션,대창솔루션,,096350.KQ,company,1,
서울평가정보,서울평가정보,,036120.KQ,company,1,
한울앤제주,한울앤제주,,276730.KQ,company,1,
포커스에이아이,포커스에이아이,,331380.KQ,company,1,
쎄크,쎄크,,081180.KQ,company,1,
블랙야크아이앤씨,블랙야크아이앤씨,,478560.KQ,company,1,
스타에스엠리츠,스타에스엠리츠,,204210.KS,company,1,
엑시큐어하이트론,엑시큐어하이트론,,019490.KS,company,1,
동성케미컬,동성케미컬,,102260.KS,company,1,
유진테크,유진테크,,084370.KQ,company,1,
대한해운,대한해운,,005880.KS,company,1,
대봉엘에스,대봉엘에스,,078140.KQ,company,1,
네오리진,네오리진,,094860.KQ,company,1,
CNT85,CNT85,,056730.KQ,company,1,
HLB펩,HLB펩,,196300.KQ,company,1,
아스타,아스타,,246720.KQ,company,1,
에이비엘바이오,에이비엘바이오,,298380.KQ,company,1,
시선AI,시선AI,,340810.KQ,company,1,
케이옥션,케이옥션,,102370.KQ,company,1,
지슨,지슨,,446840.KQ,company,1,
신한지주,신한지주,,055550.KS,company,1,
이오플로우,이오플로우,,294090.KQ,company,1,
일성아이에스,일성아이에스,,003120.KS,company,1,
아크솔루션스,아크솔루션스,,203690.KQ,company,1,
에이아이코리아,에이아이코리아,,364950.KQ,company,1,
파라택시스코리아,파라택시스코리아,,288330.KQ,company,1,
두산테스나,두산테스나,,131970.KQ,company,1,
위메이드,위메이드,,112040.KQ,company,1,
레몬,레몬,,294140.KQ,company,1,
OCI,OCI,,456040.KS,company,1,
솔루엠,솔루엠,,248070.KS,company,1,
손오공,손오공,,066910.KQ,company,1,
에치에프알,에치에프알,,230240.KQ,company,1,
신테카바이오,신테카바이오,,226330.KQ,company,1,
비트맥스,비트맥스,,377030.KQ,company,1,
현대사료,현대사료,,016790.KQ,company,1,
에스씨엠생명과학,에스씨엠생명과학,,298060.KQ,company,1,
에이프로젠바이오로직스,에이프로젠바이오로직스,,003060.KS,company,1,
메디콕스,메디콕스,,054180.KQ,company,1,
한진,한진,,002320.KS,company,1,
루멘스,루멘스,,038060.KQ,company,1,
전진건설로봇,전진건설로봇,,079900.KS,company,1,
제이오,제이오,,418550.KQ,company,1,
한세실업,한세실업,,105630.KS,company,1,
한양증권,한양증권,,001750.KS,company,1,
대동전자,대동전자,,008110.KS,company,1,
아이로보틱스,아이로보틱스,,066430.KQ,company,1,
YW,YW,,051390.KQ,company,1,
더본코리아,더본코리아,,475560.KS,company,1,
링크솔루션,링크솔루션,,474650.KQ,company,1,
티웨이항공,티웨이항공,,091810.KS,company,1,
푸른소나무,푸른소나무,,057880.KQ,company,1,
엑시온그룹,엑시온그룹,,069920.KQ,company,1,
미래에셋비전스팩3호,미래에셋비전스팩3호,,448830.KQ,company,1,
지에프씨생명과학,지에프씨생명과학,,388610.KQ,company,1,
에이프릴바이오,에이프릴바이오,,397030.KQ,company,1,
동성제약,동성제약,,002210.KS,company,1,
진양제약,진양제약,,007370.KQ,company,1,
비트플래닛,비트플래닛,,049470.KQ,company,1,
영풍제지,영풍제지,,006740.KS,company,1,
시큐브,시큐브,,131090.KQ,company,1,
엔비티,엔비티,,236810.KQ,company,1,
케이씨텍,케이씨텍,,281820.KS,company,1,
인스코비,인스코비,,006490.KS,company,1,
알파녹스,알파녹스,,043100.KQ,company,1,
엔시트론,엔시트론,,101400.KQ,company,1,
케이씨씨글라스,케이씨씨글라스,,344820.KS,company,1,
바이온,바이온,,032980.KQ,company,1,
에이치엘사이언스,에이치엘사이언스,,239610.KQ,company,1,
썸에이지,썸에이지,,208640.KQ,company,1,
한화생명,한화생명,,088350.KS,company,1,
한화시스템,한화시스템,,272210.KS,company,1,
NHN,NHN,,181710.KS,company,1,
CJ,CJ,,001040.KS,company,1,
녹십자엠에스,녹십자엠에스,,142280.KQ,company,1,
일신바이오,일신바이오,,068330.KQ,company,1,
교촌에프앤비,교촌에프앤비,,339770.KS,company,1,
한국철강,한국철강,,104700.KS,company,1,
NH투자증권,NH투자증권,,005940.KS,company,1,
CSA 코스믹,CSA 코스믹,,083660.KQ,company,1,
지니틱스,지니틱스,,303030.KQ,company,1,
밸로프,밸로프,,331520.KQ,company,1,
페이퍼코리아,페이퍼코리아,,001020.KS,company,1,
씨티씨바이오,씨티씨바이오,,060590.KQ,company,1,
삼양통상,삼양통상,,002170.KS,company,1,
서울리거,서울리거,,043710.KQ,company,1,
노루홀딩스,노루홀딩스,,000320.KS,company,1,
한화투자증권,한화투자증권,,003530.KS,company,1,
에프알텍,에프알텍,,073540.KQ,company,1,
아이티센씨티에스,아이티센씨티에스,,031820.KS,company,1,
명인제약,명인제약,,317450.KS,company,1,
애드바이오텍,애드바이오텍,,179530.KQ,company,1,
GS건설,GS건설,,006360.KS,company,1,
화승인더스트리,화승인더스트리,,006060.KS,company,1,
디에이치엑스컴퍼니,디에이치엑스컴퍼니,,031860.KQ,company,1,
KT밀리의서재,KT밀리의서재,,418470.KQ,company,1,
로킷헬스케어,로킷헬스케어,,376900.KQ,company,1,
아이티센피엔에스,아이티센피엔에스,,232830.KQ,company,1,
인스웨이브,인스웨이브,,450520.KQ,company,1,
에스켐,에스켐,,475660.KQ,company,1,
화일약품,화일약품,,061250.KQ,company,1,
주성엔지니어링,주성엔지니어링,,036930.KQ,company,1,
신풍제약,신풍제약,,019170.KS,company,1,
광명전기,광명전기,,017040.KS,company,1,
푸른저축은행,푸른저축은행,,007330.KQ,company,1,
DYP,DYP,,092780.KS,company,1,
제일바이오,제일바이오,,052670.KQ,company,1,
아모레퍼시픽홀딩스,아모레퍼시픽홀딩스,,002790.KS,company,1,
NICE인프라,NICE인프라,,063570.KQ,company,1,
유니온바이오메트릭스,유니온바이오메트릭스,,203450.KQ,company,1,
디바이스,디바이스,,187870.KQ,company,1,
아이티센엔텍,아이티센엔텍,,010280.KQ,company,1,
중앙첨단소재,중앙첨단소재,,051980.KQ,company,1,
아티스트스튜디오,아티스트스튜디오,,200350.KQ,company,1,
LS티라유텍,LS티라유텍,,322180.KQ,company,1,
일정실업,일정실업,,008500.KS,company,1,
아티스트컴퍼니,아티스트컴퍼니,,321820.KQ,company,1,
박셀바이오,박셀바이오,,323990.KQ,company,1,
고스트스튜디오,고스트스튜디오,,950190.KQ,company,1,
에스투더블유,에스투더블유,,488280.KQ,company,1,
프로티아,프로티아,,303360.KQ,company,1,
에코프로비엠,에코프로비엠,,247540.KQ,company,1,
에이치엠씨제6호스팩,에이치엠씨제6호스팩,,462020.KQ,company,1,
HLB이노베이션,HLB이노베이션,,024850.KQ,company,1,
바이오비쥬,바이오비쥬,,489460.KQ,company,1,
위닉스,위닉스,,044340.KQ,company,1,
올리패스,올리패스,,244460.KQ,company,1,
인투셀,인투셀,,287840.KQ,company,1,
유일로보틱스,유일로보틱스,,388720.KQ,company,1,
인벤티지랩,인벤티지랩,,389470.KQ,company,1,
모다이노칩,모다이노칩,,080420.KQ,company,1,
DKME,DKME,,015590.KS,company,1,
브이원텍,브이원텍,,251630.KQ,company,1,
롯데이노베이트,롯데이노베이트,,286940.KS,company,1,
에코마케팅,에코마케팅,,230360.KQ,company,1,
이뮨온시아,이뮨온시아,,424870.KQ,company,1,
한싹,한싹,,430690.KQ,company,1,
누보,누보,,332290.KQ,company,1,
카프로,카프로,,006380.KS,company,1,
광무,광무,,029480.KQ,company,1,
소니드,소니드,,060230.KQ,company,1,
하이드로리튬,하이드로리튬,,101670.KQ,company,1,
와이엠티,와이엠티,,251370.KQ,company,1,
더즌,더즌,,462860.KQ,company,1,
DH오토리드,DH오토리드,,290120.KQ,company,1,
지씨지놈,지씨지놈,,340450.KQ,company,1,
DH오토웨어,DH오토웨어,,025440.KQ,company,1,
베셀,베셀,,177350.KQ,company,1,
네오크레마,네오크레마,,311390.KQ,company,1,
케이지에이,케이지에이,,455180.KQ,company,1,
컴투스,컴투스,,078340.KQ,company,1,
콜마비앤에이치,콜마비앤에이치,,200130.KQ,company,1,
꿈비,꿈비,,407400.KQ,company,1,
LG에너지솔루션,LG에너지솔루션,,373220.KS,company,1,
고려아연,고려아연,,010130.KS,company,1,
DSC인베스트먼트,DSC인베스트먼트,,241520.KQ,company,1,
랩지노믹스,랩지노믹스,,084650.KQ,company,1,
대진첨단소재,대진첨단소재,,393970.KQ,company,1,
DL이앤씨,DL이앤씨,,375500.KS,company,1,
애머릿지,애머릿지,,900100.KQ,company,1,
육일씨엔에쓰,육일씨엔에쓰,,191410.KQ,company,1,
HLB글로벌,HLB글로벌,,003580.KS,company,1,
옵티코어,옵티코어,,380540.KQ,company,1,
아이엠,아이엠,,101390.KQ,company,1,
ES큐브,ES큐브,,050120.KQ,company,1,
센코,센코,,347000.KQ,company,1,
다이나믹디자인,다이나믹디자인,,145210.KS,company,1,
한주에이알티,한주에이알티,,058450.KQ,company,1,
스코넥,스코넥,,276040.KQ,company,1,
HPSP,HPSP,,403870.KQ,company,1,
비투엔,비투엔,,307870.KQ,company,1,
세종메디칼,세종메디칼,,258830.KQ,company,1,
네오이뮨텍,네오이뮨텍,,950220.KQ,company,1,
세운메디칼,세운메디칼,,100700.KQ,company,1,
넵튠,넵튠,,217270.KQ,company,1,
샘씨엔에스,샘씨엔에스,,252990.KQ,company,1,
현대ADM,현대ADM,,187660.KQ,company,1,
새빗켐,새빗켐,,107600.KQ,company,1,
원일티엔아이,원일티엔아이,,136150.KQ,company,1,
오가노이드사이언스,오가노이드사이언스,,476040.KQ,company,1,
휴먼테크놀로지,휴먼테크놀로지,,175140.KQ,company,1,
진원생명과학,진원생명과학,,011000.KS,company,1,
앱튼,앱튼,,270520.KQ,company,1,
애드포러스,애드포러스,,397810.KQ,company,1,
제이준코스메틱,제이준코스메틱,,025620.KS,company,1,
한국종합기술,한국종합기술,,023350.KS,company,1,
플레이위드,플레이위드,,023770.KQ,company,1,
한국유니온제약,한국유니온제약,,080720.KQ,company,1,
HLB테라퓨틱스,HLB테라퓨틱스,,115450.KQ,company,1,
서암기계공업,서암기계공업,,100660.KQ,company,1,
비올,비올,,335890.KQ,company,1,
엔케이맥스,엔케이맥스,,182400.KQ,company,1,
비큐AI,비큐AI,,148780.KQ,company,1,
CJ 바이오사이언스,CJ 바이오사이언스,,311690.KQ,company,1,
삼양컴텍,삼양컴텍,,484590.KQ,company,1,
롯데지주,롯데지주,,004990.KS,company,1,
DL,DL,,000210.KS,company,1,
